id,couleur_secondaire
tt0084058,2
tt0084867,2
tt0085121,3
tt0085154,2
tt0085159,2
tt0085208,2
tt0085236,0
tt0085244,3
tt0085248,2
tt0085255,2
tt0085271,2
tt0085276,3
tt0085318,3
tt0085320,1
tt0085333,2
tt0085334,2
tt0085346,5
tt0085382,3
tt0085384,3
tt0085387,3
tt0085398,3
tt0085407,0
tt0085412,2
tt0085450,2
tt0085461,5
tt0085470,2
tt0085473,5
tt0085475,3
tt0085478,0
tt0085542,0
tt0085549,0
tt0085551,4
tt0085588,3
tt0085608,5
tt0085615,2
tt0085656,2
tt0085678,5
tt0085694,2
tt0085701,0
tt0085750,2
tt0085764,3
tt0085780,0
tt0085811,0
tt0085838,5
tt0085859,7
tt0085862,5
tt0085863,3
tt0085867,2
tt0085868,0
tt0085873,5
tt0085891,5
tt0085895,5
tt0085919,2
tt0085933,2
tt0085935,0
tt0085970,2
tt0085980,5
tt0085995,2
tt0086005,5
tt0086006,2
tt0086011,5
tt0086014,0
tt0086034,1
tt0086036,0
tt0086058,3
tt0086066,2
tt0086112,5
tt0086129,5
tt0086143,2
tt0086154,0
tt0086192,3
tt0086197,2
tt0086200,2
tt0086205,5
tt0086216,2
tt0086220,3
tt0086264,3
tt0086312,3
tt0086325,5
tt0086336,5
tt0086346,2
tt0086352,2
tt0086355,2
tt0086356,0
tt0086361,2
tt0086370,5
tt0086373,5
tt0086374,3
tt0086377,0
tt0086379,5
tt0086381,5
tt0086383,0
tt0086393,2
tt0086397,5
tt0086405,3
tt0086423,0
tt0086425,0
tt0086429,3
tt0086461,2
tt0086465,2
tt0086476,0
tt0086491,2
tt0086494,2
tt0086508,5
tt0086510,3
tt0086525,3
tt0086541,2
tt0086567,2
tt0086582,0
tt0086593,2
tt0086618,3
tt0086619,5
tt0086637,2
tt0086837,2
tt0086856,1
tt0086859,5
tt0086873,3
tt0086876,0
tt0086877,0
tt0086879,2
tt0086886,3
tt0086896,1
tt0086927,5
tt0086946,7
tt0086955,5
tt0086960,5
tt0086969,0
tt0086984,2
tt0086985,3
tt0086987,2
tt0086992,2
tt0086993,5
tt0086998,3
tt0086999,2
tt0087003,5
tt0087004,3
tt0087015,0
tt0087032,5
tt0087050,0
tt0087054,0
tt0087062,2
tt0087072,3
tt0087078,5
tt0087089,0
tt0087091,5
tt0087096,2
tt0087127,2
tt0087130,2
tt0087175,2
tt0087182,2
tt0087197,2
tt0087222,5
tt0087231,3
tt0087233,2
tt0087260,2
tt0087262,3
tt0087263,0
tt0087265,2
tt0087277,0
tt0087313,5
tt0087332,0
tt0087359,0
tt0087363,5
tt0087365,0
tt0087384,2
tt0087385,5
tt0087425,2
tt0087428,5
tt0087451,3
tt0087452,0
tt0087464,2
tt0087469,1
tt0087482,3
tt0087507,2
tt0087513,2
tt0087525,3
tt0087538,3
tt0087553,0
tt0087589,5
tt0087597,0
tt0087629,3
tt0087635,3
tt0087666,2
tt0087688,0
tt0087722,2
tt0087727,0
tt0087730,3
tt0087746,1
tt0087747,0
tt0087751,0
tt0087755,2
tt0087781,3
tt0087799,3
tt0087800,0
tt0087810,2
tt0087835,1
tt0087843,2
tt0087866,3
tt0087884,5
tt0087892,0
tt0087910,0
tt0087921,5
tt0087928,1
tt0087932,2
tt0087951,2
tt0087956,0
tt0087957,0
tt0087968,4
tt0087980,2
tt0087981,2
tt0087983,3
tt0087995,3
tt0088000,1
tt0088001,4
tt0088006,2
tt0088007,0
tt0088011,5
tt0088024,0
tt0088046,3
tt0088103,5
tt0088117,0
tt0088128,1
tt0088146,3
tt0088153,2
tt0088161,2
tt0088170,2
tt0088172,0
tt0088176,0
tt0088178,0
tt0088184,0
tt0088194,2
tt0088206,5
tt0088213,3
tt0088224,3
tt0088242,3
tt0088247,2
tt0088249,0
tt0088256,0
tt0088258,3
tt0088272,5
tt0088286,2
tt0088318,2
tt0088322,0
tt0088323,3
tt0088330,3
tt0088333,3
tt0088379,0
tt0088385,2
tt0088402,5
tt0088414,5
tt0088680,0
tt0088683,2
tt0088707,1
tt0088708,2
tt0088757,0
tt0088760,2
tt0088763,0
tt0088765,2
tt0088794,5
tt0088814,7
tt0088846,2
tt0088847,3
tt0088850,5
tt0088851,3
tt0088855,0
tt0088885,2
tt0088889,2
tt0088895,5
tt0088915,0
tt0088930,0
tt0088933,2
tt0088936,0
tt0088939,2
tt0088944,0
tt0088947,0
tt0088960,5
tt0088979,1
tt0088987,2
tt0088993,2
tt0089003,0
tt0089017,5
tt0089034,0
tt0089052,2
tt0089079,2
tt0089087,3
tt0089092,2
tt0089114,0
tt0089118,0
tt0089126,2
tt0089129,5
tt0089155,5
tt0089160,5
tt0089167,2
tt0089175,1
tt0089208,2
tt0089218,3
tt0089221,0
tt0089222,0
tt0089243,2
tt0089264,2
tt0089265,2
tt0089272,3
tt0089276,2
tt0089283,5
tt0089304,2
tt0089346,3
tt0089348,3
tt0089360,3
tt0089370,5
tt0089383,0
tt0089385,2
tt0089393,5
tt0089420,3
tt0089421,2
tt0089424,2
tt0089444,3
tt0089457,2
tt0089461,0
tt0089470,3
tt0089489,0
tt0089504,3
tt0089523,0
tt0089530,5
tt0089543,2
tt0089555,3
tt0089560,4
tt0089569,3
tt0089572,5
tt0089601,2
tt0089603,5
tt0089622,2
tt0089629,1
tt0089643,2
tt0089652,3
tt0089670,2
tt0089679,0
tt0089686,5
tt0089695,0
tt0089716,2
tt0089730,0
tt0089731,2
tt0089748,0
tt0089755,5
tt0089767,3
tt0089791,1
tt0089798,3
tt0089822,2
tt0089839,5
tt0089841,5
tt0089853,0
tt0089869,3
tt0089877,1
tt0089880,0
tt0089881,3
tt0089883,0
tt0089885,3
tt0089886,0
tt0089893,3
tt0089901,0
tt0089907,3
tt0089913,2
tt0089927,3
tt0089941,3
tt0089981,3
tt0090021,2
tt0090022,5
tt0090036,5
tt0090037,3
tt0090056,2
tt0090060,2
tt0090065,2
tt0090073,0
tt0090092,5
tt0090095,2
tt0090098,2
tt0090103,2
tt0090110,2
tt0090112,5
tt0090130,5
tt0090142,5
tt0090151,5
tt0090152,1
tt0090180,0
tt0090184,7
tt0090196,3
tt0090203,3
tt0090209,0
tt0090213,3
tt0090217,5
tt0090223,2
tt0090264,7
tt0090270,0
tt0090274,5
tt0090293,2
tt0090305,3
tt0090310,5
tt0090319,5
tt0090323,0
tt0090327,2
tt0090329,0
tt0090350,3
tt0090357,3
tt0090555,2
tt0090557,2
tt0090559,2
tt0090563,2
tt0090567,1
tt0090568,2
tt0090570,3
tt0090576,3
tt0090583,5
tt0090585,2
tt0090605,0
tt0090631,2
tt0090633,3
tt0090655,4
tt0090660,2
tt0090670,3
tt0090678,3
tt0090685,0
tt0090693,2
tt0090710,5
tt0090713,3
tt0090728,0
tt0090735,2
tt0090738,0
tt0090753,2
tt0090756,0
tt0090768,3
tt0090769,2
tt0090774,3
tt0090779,3
tt0090830,0
tt0090848,3
tt0090852,0
tt0090856,2
tt0090859,0
tt0090863,5
tt0090886,2
tt0090887,2
tt0090904,0
tt0090917,3
tt0090927,3
tt0090934,3
tt0090966,2
tt0090967,3
tt0090970,0
tt0090985,2
tt0091003,3
tt0091019,0
tt0091024,0
tt0091042,5
tt0091051,5
tt0091053,7
tt0091055,0
tt0091059,5
tt0091064,2
tt0091080,3
tt0091083,3
tt0091113,0
tt0091123,5
tt0091129,2
tt0091149,2
tt0091159,3
tt0091164,0
tt0091167,5
tt0091173,5
tt0091178,3
tt0091187,0
tt0091188,3
tt0091203,2
tt0091209,0
tt0091213,2
tt0091217,2
tt0091223,2
tt0091225,0
tt0091276,0
tt0091278,3
tt0091282,2
tt0091295,3
tt0091306,7
tt0091310,2
tt0091313,0
tt0091326,2
tt0091343,0
tt0091344,0
tt0091369,0
tt0091374,5
tt0091396,0
tt0091400,3
tt0091415,2
tt0091419,0
tt0091445,3
tt0091472,0
tt0091474,2
tt0091499,0
tt0091508,1
tt0091530,0
tt0091534,3
tt0091538,1
tt0091541,3
tt0091554,3
tt0091557,0
tt0091575,0
tt0091579,3
tt0091584,3
tt0091603,2
tt0091605,2
tt0091613,0
tt0091630,3
tt0091637,5
tt0091647,2
tt0091653,5
tt0091668,9
tt0091680,2
tt0091706,0
tt0091707,3
tt0091738,2
tt0091756,2
tt0091763,3
tt0091777,2
tt0091778,2
tt0091786,0
tt0091790,3
tt0091814,3
tt0091815,0
tt0091817,3
tt0091828,3
tt0091836,3
tt0091859,2
tt0091875,3
tt0091877,0
tt0091886,0
tt0091934,3
tt0091939,4
tt0091949,5
tt0091954,0
tt0091963,2
tt0091981,3
tt0091983,7
tt0091991,1
tt0092005,0
tt0092007,5
tt0092022,3
tt0092034,3
tt0092035,5
tt0092042,0
tt0092068,2
tt0092074,0
tt0092076,3
tt0092079,5
tt0092086,1
tt0092099,0
tt0092104,2
tt0092105,0
tt0092106,2
tt0092112,1
tt0092115,2
tt0092117,5
tt0092133,0
tt0092147,0
tt0092172,0
tt0092173,2
tt0092195,3
tt0092205,0
tt0092214,1
tt0092226,2
tt0092240,1
tt0092272,2
tt0092493,3
tt0092494,0
tt0092513,2
tt0092537,0
tt0092546,4
tt0092548,2
tt0092559,2
tt0092563,5
tt0092585,2
tt0092605,2
tt0092608,3
tt0092615,2
tt0092618,5
tt0092627,2
tt0092632,3
tt0092638,5
tt0092641,0
tt0092644,2
tt0092646,0
tt0092655,0
tt0092656,3
tt0092666,3
tt0092675,0
tt0092690,2
tt0092699,3
tt0092710,2
tt0092717,3
tt0092718,2
tt0092721,0
tt0092751,3
tt0092752,3
tt0092758,3
tt0092767,0
tt0092796,2
tt0092798,2
tt0092802,2
tt0092804,0
tt0092809,3
tt0092822,3
tt0092834,3
tt0092842,1
tt0092843,2
tt0092850,2
tt0092854,3
tt0092857,2
tt0092890,7
tt0092897,2
tt0092925,3
tt0092934,2
tt0092948,5
tt0092965,3
tt0092967,3
tt0092974,2
tt0092997,0
tt0093010,3
tt0093011,3
tt0093036,2
tt0093042,5
tt0093044,0
tt0093051,0
tt0093058,0
tt0093067,2
tt0093072,7
tt0093073,3
tt0093075,1
tt0093093,2
tt0093105,3
tt0093137,2
tt0093143,3
tt0093145,2
tt0093148,3
tt0093166,0
tt0093175,5
tt0093177,2
tt0093185,2
tt0093186,5
tt0093200,0
tt0093204,0
tt0093209,5
tt0093215,5
tt0093217,2
tt0093220,0
tt0093223,2
tt0093225,2
tt0093231,0
tt0093253,4
tt0093260,3
tt0093276,2
tt0093277,2
tt0093278,2
tt0093315,7
tt0093347,3
tt0093378,3
tt0093389,4
tt0093405,3
tt0093407,0
tt0093409,3
tt0093415,3
tt0093418,2
tt0093428,5
tt0093437,5
tt0093467,2
tt0093476,1
tt0093477,5
tt0093483,2
tt0093493,1
tt0093507,3
tt0093509,2
tt0093512,0
tt0093539,3
tt0093558,2
tt0093560,2
tt0093565,0
tt0093567,9
tt0093589,2
tt0093596,0
tt0093605,0
tt0093617,3
tt0093626,2
tt0093629,5
tt0093640,3
tt0093648,2
tt0093654,2
tt0093658,4
tt0093660,5
tt0093664,2
tt0093690,5
tt0093692,2
tt0093693,5
tt0093714,0
tt0093727,2
tt0093737,0
tt0093743,3
tt0093744,2
tt0093756,2
tt0093771,2
tt0093773,2
tt0093776,3
tt0093777,0
tt0093778,1
tt0093779,2
tt0093780,3
tt0093818,0
tt0093822,5
tt0093828,2
tt0093854,1
tt0093857,2
tt0093870,3
tt0093881,0
tt0093886,1
tt0093894,3
tt0093898,1
tt0093913,3
tt0093940,5
tt0093966,2
tt0093969,0
tt0093970,5
tt0094006,2
tt0094008,3
tt0094012,0
tt0094020,2
tt0094021,0
tt0094025,3
tt0094027,2
tt0094033,3
tt0094034,2
tt0094035,5
tt0094037,5
tt0094056,0
tt0094071,0
tt0094072,3
tt0094074,2
tt0094082,3
tt0094089,2
tt0094118,0
tt0094140,2
tt0094142,0
tt0094155,5
tt0094169,0
tt0094208,0
tt0094226,3
tt0094291,2
tt0094293,2
tt0094304,2
tt0094315,1
tt0094318,2
tt0094321,1
tt0094331,2
tt0094332,0
tt0094383,3
tt0094593,2
tt0094594,2
tt0094602,2
tt0094606,2
tt0094608,1
tt0094612,3
tt0094631,2
tt0094637,2
tt0094651,5
tt0094663,3
tt0094669,3
tt0094678,0
tt0094701,0
tt0094712,3
tt0094715,0
tt0094716,3
tt0094721,7
tt0094731,5
tt0094737,3
tt0094739,5
tt0094744,5
tt0094746,9
tt0094747,2
tt0094761,5
tt0094768,2
tt0094783,3
tt0094792,2
tt0094799,1
tt0094812,0
tt0094819,3
tt0094824,2
tt0094827,3
tt0094846,2
tt0094862,2
tt0094869,0
tt0094871,3
tt0094882,3
tt0094884,2
tt0094889,0
tt0094890,0
tt0094894,5
tt0094898,0
tt0094907,2
tt0094910,0
tt0094921,2
tt0094933,3
tt0094934,2
tt0094947,2
tt0094961,2
tt0094963,0
tt0094964,3
tt0094979,5
tt0094980,2
tt0095016,2
tt0095031,2
tt0095036,3
tt0095047,2
tt0095050,7
tt0095082,5
tt0095088,2
tt0095107,2
tt0095119,2
tt0095145,3
tt0095159,1
tt0095169,2
tt0095174,0
tt0095178,3
tt0095179,2
tt0095186,2
tt0095188,1
tt0095238,3
tt0095243,0
tt0095250,7
tt0095253,3
tt0095271,3
tt0095274,5
tt0095275,3
tt0095280,3
tt0095288,3
tt0095289,1
tt0095294,0
tt0095296,2
tt0095304,0
tt0095311,0
tt0095326,0
tt0095333,2
tt0095348,2
tt0095357,4
tt0095360,2
tt0095382,3
tt0095409,3
tt0095428,3
tt0095454,0
tt0095484,3
tt0095488,0
tt0095489,2
tt0095497,2
tt0095519,2
tt0095532,2
tt0095560,3
tt0095564,3
tt0095583,2
tt0095593,5
tt0095599,5
tt0095613,2
tt0095626,5
tt0095629,2
tt0095631,2
tt0095638,2
tt0095640,0
tt0095647,5
tt0095649,0
tt0095652,2
tt0095654,5
tt0095662,3
tt0095665,3
tt0095675,2
tt0095687,2
tt0095690,3
tt0095705,2
tt0095726,5
tt0095736,3
tt0095742,5
tt0095774,0
tt0095776,2
tt0095827,2
tt0095836,0
tt0095853,0
tt0095863,2
tt0095877,3
tt0095882,2
tt0095889,3
tt0095894,2
tt0095895,5
tt0095897,2
tt0095903,0
tt0095925,0
tt0095927,5
tt0095953,5
tt0095956,2
tt0095963,2
tt0095981,0
tt0095993,0
tt0096003,2
tt0096028,0
tt0096037,3
tt0096054,3
tt0096061,0
tt0096071,2
tt0096072,0
tt0096073,5
tt0096087,0
tt0096094,3
tt0096098,3
tt0096101,2
tt0096152,2
tt0096156,3
tt0096161,2
tt0096171,5
tt0096180,3
tt0096193,5
tt0096200,3
tt0096203,3
tt0096211,3
tt0096219,2
tt0096223,3
tt0096236,3
tt0096241,2
tt0096244,0
tt0096246,1
tt0096256,2
tt0096257,2
tt0096259,0
tt0096267,1
tt0096271,3
tt0096289,0
tt0096291,3
tt0096294,2
tt0096316,2
tt0096320,3
tt0096324,5
tt0096328,3
tt0096332,2
tt0096340,3
tt0096378,0
tt0096380,2
tt0096425,0
tt0096426,0
tt0096438,3
tt0096446,5
tt0096454,2
tt0096463,3
tt0096464,0
tt0096466,3
tt0096487,0
tt0096657,1
tt0096734,3
tt0096754,0
tt0096769,5
tt0096787,3
tt0096794,0
tt0096804,0
tt0096869,2
tt0096874,0
tt0096895,0
tt0096911,2
tt0096913,3
tt0096918,3
tt0096926,2
tt0096928,2
tt0096933,2
tt0096943,2
tt0096951,3
tt0096952,5
tt0096953,0
tt0096969,2
tt0096976,5
tt0097027,0
tt0097044,7
tt0097052,2
tt0097053,1
tt0097100,2
tt0097109,0
tt0097115,2
tt0097116,3
tt0097119,2
tt0097123,0
tt0097138,2
tt0097142,5
tt0097162,5
tt0097165,0
tt0097166,0
tt0097179,2
tt0097211,2
tt0097216,2
tt0097235,3
tt0097236,1
tt0097239,2
tt0097240,0
tt0097243,5
tt0097262,2
tt0097276,2
tt0097289,0
tt0097314,3
tt0097322,2
tt0097328,0
tt0097332,3
tt0097334,3
tt0097336,2
tt0097351,2
tt0097366,2
tt0097368,0
tt0097372,2
tt0097388,2
tt0097424,3
tt0097428,3
tt0097438,5
tt0097441,0
tt0097457,2
tt0097458,2
tt0097474,0
tt0097481,3
tt0097490,5
tt0097499,0
tt0097500,1
tt0097507,2
tt0097523,5
tt0097527,3
tt0097530,3
tt0097531,2
tt0097567,0
tt0097570,1
tt0097576,5
tt0097579,2
tt0097607,3
tt0097613,0
tt0097626,3
tt0097637,1
tt0097647,0
tt0097659,2
tt0097662,2
tt0097670,4
tt0097722,0
tt0097731,5
tt0097733,2
tt0097737,2
tt0097742,3
tt0097756,3
tt0097757,2
tt0097758,5
tt0097770,3
tt0097778,2
tt0097790,3
tt0097815,2
tt0097880,1
tt0097883,2
tt0097884,5
tt0097892,2
tt0097937,5
tt0097940,5
tt0097958,2
tt0097964,0
tt0097965,2
tt0097967,3
tt0097971,0
tt0097981,0
tt0097987,2
tt0098022,2
tt0098048,2
tt0098051,3
tt0098067,1
tt0098068,3
tt0098084,0
tt0098093,3
tt0098097,0
tt0098105,3
tt0098112,5
tt0098115,2
tt0098153,3
tt0098158,0
tt0098160,2
tt0098165,0
tt0098184,0
tt0098188,2
tt0098206,5
tt0098219,5
tt0098222,0
tt0098230,0
tt0098258,0
tt0098260,2
tt0098261,5
tt0098273,0
tt0098276,7
tt0098282,1
tt0098283,5
tt0098308,2
tt0098309,5
tt0098319,7
tt0098320,0
tt0098330,2
tt0098335,2
tt0098343,2
tt0098347,2
tt0098356,0
tt0098375,4
tt0098382,2
tt0098383,5
tt0098384,5
tt0098439,3
tt0098442,3
tt0098453,1
tt0098454,0
tt0098471,0
tt0098502,5
tt0098503,2
tt0098513,2
tt0098519,3
tt0098524,3
tt0098528,0
tt0098536,2
tt0098546,7
tt0098554,5
tt0098575,7
tt0098621,2
tt0098625,3
tt0098627,5
tt0098631,2
tt0098635,5
tt0098638,3
tt0098645,5
tt0098659,2
tt0098660,3
tt0098663,2
tt0098678,5
tt0098724,0
tt0098987,0
tt0098994,2
tt0099005,3
tt0099012,0
tt0099018,2
tt0099039,2
tt0099044,0
tt0099052,0
tt0099073,2
tt0099077,2
tt0099088,0
tt0099091,0
tt0099128,0
tt0099141,2
tt0099164,2
tt0099165,0
tt0099173,2
tt0099200,2
tt0099204,1
tt0099250,0
tt0099253,2
tt0099291,2
tt0099300,0
tt0099305,0
tt0099310,2
tt0099316,2
tt0099327,2
tt0099329,5
tt0099334,0
tt0099342,5
tt0099348,2
tt0099365,5
tt0099371,5
tt0099385,0
tt0099395,2
tt0099397,1
tt0099422,5
tt0099460,2
tt0099480,5
tt0099487,2
tt0099512,2
tt0099520,0
tt0099528,2
tt0099566,0
tt0099575,5
tt0099578,0
tt0099581,2
tt0099582,0
tt0099587,5
tt0099594,0
tt0099595,0
tt0099606,2
tt0099611,2
tt0099612,2
tt0099615,0
tt0099623,3
tt0099653,0
tt0099654,5
tt0099674,0
tt0099685,2
tt0099691,3
tt0099697,5
tt0099699,1
tt0099700,5
tt0099703,0
tt0099731,2
tt0099739,3
tt0099740,2
tt0099743,0
tt0099747,2
tt0099750,3
tt0099762,2
tt0099768,2
tt0099785,5
tt0099797,0
tt0099800,5
tt0099810,0
tt0099819,5
tt0099850,5
tt0099871,2
tt0099878,3
tt0099892,0
tt0099938,2
tt0099939,2
tt0099951,3
tt0099969,5
tt0099991,3
tt0100046,2
tt0100050,1
tt0100053,5
tt0100065,2
tt0100087,1
tt0100100,5
tt0100114,0
tt0100133,0
tt0100134,0
tt0100135,3
tt0100140,1
tt0100142,2
tt0100143,5
tt0100150,2
tt0100157,2
tt0100168,2
tt0100196,0
tt0100201,2
tt0100211,2
tt0100212,0
tt0100224,3
tt0100232,2
tt0100254,2
tt0100258,0
tt0100260,0
tt0100280,5
tt0100281,2
tt0100301,5
tt0100318,2
tt0100395,2
tt0100403,2
tt0100404,3
tt0100405,5
tt0100419,2
tt0100436,2
tt0100442,5
tt0100449,1
tt0100475,3
tt0100477,2
tt0100480,2
tt0100485,3
tt0100486,3
tt0100488,0
tt0100502,3
tt0100507,5
tt0100530,0
tt0100557,2
tt0100594,5
tt0100602,3
tt0100604,2
tt0100606,2
tt0100611,5
tt0100631,3
tt0100666,2
tt0100670,2
tt0100680,4
tt0100684,0
tt0100685,0
tt0100691,3
tt0100707,5
tt0100708,3
tt0100740,3
tt0100758,0
tt0100774,2
tt0100802,2
tt0100814,0
tt0100822,3
tt0100828,3
tt0100879,0
tt0100899,3
tt0100911,3
tt0100928,2
tt0100931,3
tt0100935,0
tt0100944,1
tt0100946,5
tt0100994,2
tt0101252,3
tt0101272,0
tt0101301,3
tt0101316,2
tt0101329,5
tt0101356,5
tt0101371,0
tt0101373,2
tt0101393,5
tt0101404,0
tt0101410,2
tt0101412,0
tt0101414,5
tt0101428,3
tt0101444,3
tt0101453,2
tt0101455,2
tt0101458,2
tt0101465,2
tt0101478,0
tt0101481,5
tt0101492,2
tt0101507,2
tt0101516,5
tt0101523,0
tt0101540,2
tt0101545,1
tt0101578,7
tt0101587,2
tt0101588,2
tt0101590,2
tt0101595,0
tt0101597,3
tt0101605,0
tt0101606,0
tt0101615,0
tt0101625,3
tt0101629,3
tt0101635,5
tt0101660,3
tt0101669,2
tt0101694,2
tt0101695,3
tt0101698,2
tt0101726,2
tt0101745,0
tt0101746,0
tt0101748,2
tt0101757,0
tt0101761,5
tt0101764,2
tt0101765,5
tt0101775,5
tt0101786,1
tt0101787,2
tt0101821,0
tt0101831,0
tt0101862,3
tt0101889,5
tt0101891,3
tt0101902,2
tt0101917,5
tt0101921,3
tt0101969,5
tt0101984,3
tt0101991,2
tt0101998,0
tt0102004,2
tt0102005,0
tt0102011,2
tt0102014,2
tt0102015,4
tt0102045,1
tt0102048,0
tt0102057,1
tt0102059,3
tt0102065,2
tt0102070,2
tt0102095,0
tt0102103,0
tt0102116,2
tt0102138,1
tt0102175,4
tt0102181,2
tt0102202,3
tt0102216,7
tt0102220,3
tt0102250,5
tt0102266,3
tt0102279,0
tt0102288,3
tt0102299,3
tt0102303,1
tt0102307,2
tt0102315,3
tt0102316,5
tt0102322,3
tt0102340,2
tt0102343,5
tt0102370,3
tt0102388,5
tt0102411,3
tt0102422,2
tt0102428,0
tt0102443,3
tt0102460,2
tt0102467,2
tt0102469,3
tt0102492,3
tt0102493,5
tt0102494,2
tt0102500,0
tt0102511,0
tt0102517,2
tt0102526,2
tt0102555,5
tt0102558,5
tt0102573,2
tt0102590,5
tt0102592,5
tt0102593,3
tt0102598,1
tt0102603,3
tt0102609,3
tt0102655,2
tt0102685,0
tt0102687,2
tt0102690,3
tt0102713,5
tt0102719,9
tt0102722,0
tt0102729,2
tt0102741,1
tt0102744,5
tt0102749,0
tt0102750,2
tt0102753,3
tt0102757,2
tt0102768,3
tt0102782,3
tt0102789,5
tt0102798,0
tt0102803,0
tt0102818,2
tt0102820,0
tt0102849,2
tt0102860,3
tt0102900,3
tt0102913,2
tt0102926,0
tt0102943,0
tt0102945,2
tt0102951,3
tt0102969,2
tt0102975,5
tt0102979,3
tt0102984,0
tt0102989,0
tt0102996,3
tt0103003,3
tt0103007,3
tt0103015,1
tt0103016,1
tt0103030,5
tt0103035,2
tt0103036,3
tt0103055,2
tt0103060,2
tt0103064,2
tt0103069,7
tt0103112,2
tt0103125,5
tt0103128,2
tt0103141,0
tt0103143,4
tt0103184,1
tt0103241,2
tt0103247,3
tt0103251,0
tt0103253,2
tt0103262,3
tt0103303,3
tt0103312,0
tt0103594,5
tt0103596,5
tt0103617,3
tt0103639,7
tt0103671,3
tt0103747,2
tt0103759,5
tt0103772,1
tt0103776,2
tt0103783,5
tt0103786,3
tt0103827,1
tt0103838,0
tt0103850,3
tt0103855,2
tt0103859,3
tt0103872,5
tt0103874,2
tt0103877,5
tt0103888,5
tt0103893,1
tt0103897,3
tt0103919,5
tt0103924,5
tt0103939,1
tt0103956,0
tt0103962,2
tt0103976,5
tt0103978,0
tt0104006,2
tt0104009,0
tt0104027,0
tt0104030,0
tt0104036,3
tt0104040,0
tt0104070,3
tt0104073,3
tt0104107,2
tt0104114,5
tt0104139,0
tt0104187,2
tt0104215,2
tt0104225,0
tt0104231,5
tt0104237,2
tt0104240,2
tt0104244,0
tt0104254,3
tt0104257,3
tt0104265,4
tt0104283,5
tt0104291,3
tt0104298,2
tt0104299,2
tt0104321,3
tt0104348,2
tt0104350,3
tt0104376,3
tt0104389,2
tt0104409,3
tt0104412,0
tt0104427,2
tt0104431,2
tt0104437,5
tt0104438,3
tt0104452,2
tt0104454,1
tt0104466,0
tt0104503,0
tt0104504,2
tt0104507,2
tt0104511,3
tt0104541,3
tt0104549,2
tt0104573,0
tt0104647,3
tt0104670,5
tt0104691,2
tt0104692,2
tt0104694,3
tt0104695,1
tt0104697,5
tt0104714,3
tt0104745,3
tt0104797,0
tt0104802,3
tt0104804,3
tt0104839,5
tt0104850,5
tt0104868,3
tt0104892,0
tt0104897,3
tt0104905,0
tt0104926,2
tt0104928,0
tt0104940,0
tt0104952,0
tt0104954,5
tt0104990,2
tt0105001,0
tt0105017,7
tt0105046,3
tt0105078,3
tt0105089,1
tt0105103,2
tt0105104,0
tt0105107,1
tt0105112,0
tt0105121,0
tt0105128,4
tt0105130,3
tt0105150,5
tt0105151,2
tt0105156,3
tt0105159,1
tt0105165,3
tt0105187,0
tt0105191,3
tt0105211,0
tt0105217,3
tt0105219,3
tt0105236,3
tt0105265,2
tt0105267,0
tt0105291,3
tt0105316,5
tt0105323,0
tt0105327,0
tt0105391,2
tt0105411,2
tt0105414,2
tt0105415,7
tt0105417,3
tt0105428,2
tt0105435,1
tt0105450,3
tt0105459,2
tt0105466,2
tt0105477,3
tt0105480,1
tt0105481,3
tt0105483,2
tt0105526,2
tt0105562,5
tt0105577,2
tt0105585,0
tt0105629,2
tt0105631,0
tt0105636,4
tt0105665,0
tt0105690,0
tt0105695,5
tt0105698,0
tt0105699,5
tt0105706,0
tt0105719,0
tt0105789,1
tt0105790,3
tt0105793,2
tt0105807,5
tt0105811,5
tt0105812,3
tt0105813,2
tt0105824,2
tt0105871,2
tt0105885,0
tt0106176,2
tt0106220,0
tt0106223,2
tt0106226,2
tt0106233,0
tt0106246,7
tt0106264,1
tt0106266,1
tt0106292,2
tt0106315,2
tt0106332,0
tt0106339,2
tt0106350,1
tt0106364,2
tt0106375,1
tt0106379,3
tt0106393,0
tt0106400,5
tt0106438,3
tt0106453,2
tt0106455,5
tt0106464,0
tt0106466,5
tt0106471,2
tt0106489,0
tt0106500,3
tt0106505,2
tt0106519,2
tt0106521,3
tt0106582,5
tt0106598,2
tt0106611,1
tt0106627,3
tt0106660,0
tt0106661,5
tt0106664,2
tt0106673,5
tt0106677,0
tt0106684,1
tt0106697,2
tt0106701,2
tt0106761,0
tt0106770,3
tt0106827,3
tt0106833,2
tt0106856,3
tt0106868,3
tt0106873,0
tt0106877,1
tt0106881,1
tt0106912,0
tt0106918,3
tt0106926,3
tt0106941,3
tt0106965,2
tt0106977,0
tt0107004,2
tt0107007,0
tt0107009,2
tt0107034,2
tt0107048,5
tt0107050,0
tt0107057,0
tt0107076,2
tt0107088,2
tt0107090,2
tt0107091,2
tt0107107,5
tt0107111,2
tt0107120,2
tt0107130,2
tt0107131,3
tt0107144,5
tt0107148,2
tt0107152,5
tt0107156,5
tt0107199,2
tt0107206,2
tt0107207,5
tt0107209,3
tt0107211,5
tt0107212,3
tt0107233,5
tt0107247,2
tt0107254,4
tt0107277,3
tt0107282,5
tt0107286,0
tt0107290,2
tt0107302,0
tt0107322,5
tt0107362,0
tt0107372,0
tt0107387,2
tt0107413,0
tt0107438,1
tt0107443,2
tt0107468,5
tt0107473,0
tt0107478,5
tt0107497,0
tt0107501,2
tt0107504,2
tt0107507,2
tt0107529,3
tt0107554,3
tt0107563,0
tt0107594,7
tt0107606,3
tt0107611,3
tt0107612,2
tt0107613,0
tt0107614,0
tt0107616,0
tt0107623,1
tt0107626,5
tt0107630,2
tt0107653,1
tt0107659,0
tt0107665,2
tt0107685,1
tt0107711,0
tt0107719,3
tt0107745,2
tt0107750,5
tt0107798,5
tt0107808,5
tt0107818,0
tt0107822,5
tt0107824,0
tt0107840,3
tt0107843,1
tt0107863,0
tt0107889,5
tt0107927,2
tt0107943,0
tt0107953,2
tt0107969,2
tt0107974,3
tt0107977,2
tt0107978,3
tt0107985,2
tt0108000,3
tt0108002,5
tt0108026,0
tt0108037,5
tt0108041,5
tt0108052,3
tt0108065,2
tt0108069,0
tt0108071,2
tt0108090,3
tt0108101,2
tt0108122,3
tt0108147,5
tt0108149,1
tt0108160,0
tt0108162,0
tt0108170,2
tt0108171,3
tt0108174,2
tt0108185,5
tt0108186,0
tt0108187,1
tt0108207,3
tt0108234,0
tt0108238,0
tt0108255,2
tt0108258,2
tt0108265,2
tt0108308,4
tt0108311,2
tt0108320,5
tt0108327,2
tt0108328,3
tt0108330,0
tt0108334,0
tt0108358,0
tt0108388,0
tt0108395,5
tt0108399,3
tt0108410,2
tt0108442,3
tt0108451,5
tt0108473,0
tt0108515,3
tt0108517,2
tt0108525,2
tt0108526,2
tt0108539,2
tt0108550,0
tt0108551,1
tt0108560,3
tt0108565,3
tt0108569,2
tt0108596,0
tt0109015,5
tt0109021,2
tt0109035,3
tt0109040,3
tt0109045,7
tt0109067,2
tt0109068,5
tt0109120,3
tt0109129,3
tt0109190,3
tt0109198,2
tt0109219,2
tt0109254,0
tt0109279,2
tt0109287,3
tt0109288,2
tt0109297,1
tt0109303,2
tt0109305,3
tt0109306,5
tt0109327,0
tt0109340,5
tt0109348,3
tt0109361,2
tt0109369,3
tt0109370,3
tt0109376,2
tt0109381,3
tt0109402,0
tt0109403,2
tt0109417,0
tt0109439,0
tt0109443,2
tt0109444,0
tt0109445,5
tt0109446,2
tt0109447,5
tt0109450,3
tt0109454,2
tt0109456,0
tt0109480,3
tt0109484,0
tt0109493,0
tt0109504,7
tt0109506,1
tt0109520,2
tt0109578,0
tt0109579,3
tt0109593,2
tt0109635,3
tt0109642,0
tt0109675,2
tt0109676,4
tt0109707,3
tt0109731,5
tt0109758,3
tt0109783,5
tt0109785,3
tt0109813,2
tt0109816,0
tt0109830,2
tt0109831,1
tt0109836,2
tt0109838,3
tt0109842,3
tt0109891,1
tt0109913,1
tt0109917,0
tt0109920,3
tt0109936,2
tt0109951,5
tt0110005,2
tt0110044,2
tt0110057,2
tt0110064,4
tt0110066,3
tt0110074,3
tt0110081,5
tt0110091,0
tt0110093,3
tt0110097,3
tt0110099,5
tt0110115,3
tt0110116,0
tt0110123,3
tt0110137,5
tt0110146,0
tt0110148,2
tt0110157,2
tt0110167,2
tt0110169,1
tt0110186,0
tt0110189,3
tt0110197,1
tt0110216,0
tt0110217,2
tt0110296,2
tt0110305,2
tt0110308,2
tt0110322,5
tt0110329,0
tt0110353,5
tt0110357,5
tt0110363,2
tt0110364,2
tt0110366,0
tt0110391,0
tt0110395,0
tt0110399,3
tt0110413,3
tt0110428,0
tt0110442,0
tt0110443,5
tt0110455,0
tt0110475,4
tt0110478,0
tt0110516,2
tt0110518,1
tt0110538,2
tt0110557,5
tt0110588,5
tt0110604,3
tt0110612,0
tt0110613,3
tt0110632,0
tt0110638,2
tt0110649,3
tt0110657,5
tt0110678,0
tt0110684,2
tt0110687,2
tt0110689,0
tt0110722,3
tt0110725,3
tt0110737,2
tt0110759,5
tt0110763,2
tt0110771,2
tt0110867,3
tt0110892,0
tt0110907,5
tt0110912,5
tt0110932,2
tt0110939,5
tt0110944,3
tt0110950,2
tt0110955,1
tt0110963,3
tt0110971,3
tt0110997,2
tt0111001,3
tt0111003,2
tt0111054,1
tt0111070,5
tt0111094,1
tt0111102,0
tt0111125,2
tt0111127,3
tt0111143,2
tt0111161,3
tt0111187,2
tt0111194,5
tt0111218,0
tt0111252,0
tt0111255,3
tt0111256,1
tt0111257,5
tt0111271,2
tt0111280,2
tt0111282,2
tt0111301,3
tt0111323,0
tt0111333,3
tt0111359,0
tt0111400,5
tt0111408,1
tt0111418,2
tt0111419,7
tt0111438,2
tt0111470,0
tt0111477,3
tt0111488,2
tt0111503,2
tt0111507,1
tt0111614,2
tt0111653,1
tt0111667,5
tt0111693,2
tt0111712,3
tt0111732,0
tt0111742,2
tt0111756,0
tt0111797,5
tt0111804,2
tt0112255,5
tt0112281,3
tt0112288,0
tt0112302,3
tt0112342,2
tt0112346,2
tt0112368,2
tt0112384,2
tt0112401,2
tt0112427,3
tt0112431,2
tt0112435,5
tt0112442,0
tt0112452,2
tt0112453,1
tt0112461,3
tt0112462,0
tt0112471,5
tt0112495,3
tt0112499,2
tt0112508,1
tt0112536,5
tt0112541,2
tt0112571,0
tt0112572,2
tt0112573,2
tt0112579,2
tt0112585,3
tt0112606,5
tt0112625,0
tt0112637,3
tt0112641,2
tt0112642,2
tt0112679,1
tt0112682,0
tt0112688,1
tt0112697,5
tt0112702,3
tt0112715,2
tt0112722,2
tt0112740,0
tt0112744,0
tt0112749,0
tt0112757,3
tt0112760,0
tt0112792,2
tt0112818,0
tt0112819,2
tt0112851,2
tt0112854,2
tt0112857,2
tt0112864,3
tt0112887,3
tt0112895,1
tt0112896,0
tt0112950,2
tt0112959,2
tt0112966,5
tt0113028,3
tt0113041,3
tt0113044,5
tt0113071,2
tt0113089,2
tt0113097,0
tt0113101,5
tt0113107,0
tt0113114,3
tt0113117,5
tt0113118,3
tt0113133,3
tt0113158,2
tt0113161,0
tt0113189,2
tt0113198,3
tt0113199,2
tt0113228,3
tt0113234,2
tt0113243,2
tt0113253,2
tt0113277,2
tt0113303,2
tt0113305,3
tt0113321,3
tt0113347,2
tt0113362,2
tt0113416,2
tt0113419,0
tt0113442,2
tt0113443,2
tt0113451,2
tt0113463,2
tt0113464,0
tt0113481,0
tt0113490,5
tt0113492,0
tt0113497,3
tt0113500,5
tt0113501,2
tt0113533,3
tt0113537,5
tt0113538,0
tt0113540,5
tt0113552,0
tt0113612,3
tt0113617,2
tt0113627,2
tt0113650,1
tt0113670,0
tt0113674,2
tt0113677,1
tt0113690,0
tt0113691,3
tt0113726,2
tt0113729,2
tt0113737,0
tt0113749,2
tt0113755,1
tt0113758,5
tt0113762,1
tt0113808,3
tt0113819,0
tt0113845,3
tt0113849,2
tt0113851,5
tt0113855,5
tt0113862,0
tt0113870,2
tt0113896,0
tt0113957,2
tt0113965,0
tt0113967,0
tt0113972,5
tt0113973,2
tt0113986,1
tt0113987,2
tt0114011,3
tt0114048,2
tt0114057,0
tt0114069,0
tt0114084,5
tt0114095,3
tt0114108,1
tt0114113,0
tt0114117,0
tt0114148,2
tt0114168,3
tt0114194,3
tt0114210,0
tt0114214,2
tt0114272,0
tt0114279,4
tt0114287,3
tt0114296,2
tt0114319,0
tt0114323,4
tt0114345,0
tt0114371,3
tt0114388,2
tt0114435,5
tt0114436,3
tt0114474,1
tt0114478,0
tt0114496,5
tt0114508,3
tt0114534,2
tt0114536,3
tt0114558,2
tt0114571,3
tt0114576,0
tt0114608,0
tt0114609,2
tt0114614,2
tt0114660,3
tt0114663,3
tt0114666,2
tt0114681,2
tt0114682,3
tt0114694,5
tt0114697,3
tt0114702,0
tt0114709,2
tt0114753,0
tt0114781,0
tt0114788,2
tt0114798,0
tt0114805,2
tt0114814,3
tt0114825,3
tt0114852,2
tt0114857,3
tt0114885,3
tt0114887,5
tt0114888,2
tt0114898,2
tt0114924,3
tt0114928,5
tt0114937,3
tt0114938,2
tt0115012,0
tt0115438,3
tt0115472,2
tt0115493,3
tt0115509,5
tt0115530,2
tt0115531,2
tt0115571,2
tt0115580,3
tt0115600,2
tt0115610,0
tt0115624,2
tt0115632,3
tt0115639,1
tt0115640,3
tt0115641,2
tt0115644,3
tt0115645,3
tt0115676,5
tt0115678,2
tt0115683,2
tt0115685,0
tt0115697,2
tt0115725,1
tt0115734,3
tt0115736,2
tt0115742,0
tt0115751,5
tt0115783,3
tt0115798,0
tt0115836,1
tt0115837,3
tt0115851,2
tt0115857,0
tt0115862,0
tt0115906,2
tt0115907,3
tt0115927,0
tt0115956,2
tt0115963,3
tt0115986,2
tt0115988,5
tt0115994,5
tt0116000,3
tt0116040,5
tt0116059,5
tt0116126,3
tt0116130,1
tt0116136,0
tt0116151,1
tt0116165,3
tt0116167,3
tt0116168,1
tt0116191,1
tt0116209,2
tt0116213,3
tt0116225,4
tt0116240,1
tt0116242,0
tt0116250,2
tt0116253,0
tt0116259,2
tt0116260,2
tt0116269,3
tt0116275,2
tt0116277,4
tt0116282,5
tt0116287,2
tt0116289,0
tt0116311,3
tt0116313,1
tt0116320,5
tt0116322,2
tt0116324,1
tt0116329,3
tt0116332,3
tt0116353,2
tt0116361,5
tt0116365,2
tt0116367,4
tt0116378,5
tt0116404,5
tt0116405,5
tt0116409,0
tt0116410,5
tt0116414,2
tt0116421,0
tt0116442,5
tt0116448,3
tt0116483,2
tt0116493,2
tt0116508,3
tt0116531,0
tt0116552,2
tt0116571,2
tt0116583,3
tt0116594,5
tt0116601,3
tt0116606,3
tt0116621,2
tt0116629,2
tt0116635,2
tt0116654,0
tt0116669,2
tt0116683,3
tt0116695,1
tt0116705,3
tt0116707,2
tt0116722,5
tt0116731,0
tt0116745,0
tt0116748,7
tt0116756,2
tt0116762,1
tt0116768,5
tt0116778,1
tt0116823,3
tt0116827,0
tt0116830,3
tt0116839,2
tt0116905,0
tt0116908,3
tt0116913,2
tt0116920,3
tt0116922,0
tt0116928,5
tt0116953,0
tt0116996,3
tt0116999,2
tt0117002,3
tt0117008,0
tt0117011,4
tt0117038,1
tt0117039,2
tt0117040,2
tt0117057,5
tt0117060,1
tt0117071,3
tt0117093,2
tt0117102,3
tt0117104,5
tt0117107,2
tt0117108,3
tt0117110,2
tt0117119,3
tt0117128,3
tt0117202,3
tt0117247,2
tt0117260,3
tt0117283,3
tt0117293,5
tt0117320,1
tt0117331,3
tt0117332,2
tt0117333,0
tt0117372,2
tt0117381,2
tt0117420,5
tt0117427,3
tt0117438,0
tt0117473,3
tt0117477,0
tt0117500,0
tt0117509,0
tt0117550,3
tt0117571,0
tt0117582,2
tt0117603,0
tt0117608,2
tt0117628,7
tt0117631,2
tt0117638,3
tt0117665,2
tt0117666,0
tt0117677,2
tt0117688,0
tt0117690,1
tt0117705,0
tt0117718,0
tt0117723,1
tt0117731,2
tt0117737,3
tt0117765,2
tt0117768,9
tt0117774,2
tt0117781,0
tt0117784,0
tt0117786,1
tt0117791,2
tt0117802,5
tt0117826,0
tt0117873,3
tt0117887,3
tt0117891,5
tt0117898,1
tt0117913,3
tt0117918,5
tt0117924,2
tt0117951,5
tt0117958,0
tt0117965,0
tt0117979,2
tt0117991,7
tt0117998,2
tt0118001,3
tt0118002,0
tt0118040,3
tt0118044,5
tt0118073,2
tt0118113,3
tt0118117,3
tt0118147,2
tt0118158,2
tt0118163,3
tt0118301,3
tt0118523,2
tt0118539,1
tt0118540,0
tt0118541,5
tt0118548,2
tt0118556,5
tt0118566,0
tt0118570,2
tt0118571,0
tt0118583,2
tt0118586,3
tt0118589,3
tt0118604,0
tt0118607,5
tt0118615,5
tt0118617,5
tt0118632,2
tt0118636,3
tt0118647,0
tt0118655,5
tt0118665,2
tt0118689,5
tt0118691,2
tt0118698,2
tt0118708,5
tt0118709,0
tt0118715,5
tt0118736,3
tt0118744,5
tt0118747,3
tt0118749,0
tt0118750,5
tt0118760,0
tt0118762,2
tt0118764,3
tt0118771,5
tt0118772,3
tt0118783,2
tt0118787,3
tt0118789,2
tt0118798,3
tt0118818,1
tt0118829,3
tt0118836,5
tt0118842,1
tt0118845,2
tt0118859,0
tt0118863,2
tt0118870,3
tt0118880,0
tt0118883,5
tt0118884,2
tt0118887,2
tt0118892,3
tt0118894,2
tt0118900,0
tt0118901,2
tt0118925,1
tt0118927,0
tt0118928,3
tt0118929,0
tt0118954,0
tt0118956,5
tt0118964,0
tt0118966,3
tt0118971,0
tt0118972,0
tt0118998,2
tt0119008,5
tt0119013,2
tt0119019,0
tt0119051,2
tt0119052,4
tt0119053,2
tt0119062,5
tt0119079,2
tt0119080,2
tt0119081,0
tt0119086,2
tt0119094,2
tt0119098,5
tt0119099,5
tt0119115,2
tt0119116,0
tt0119123,0
tt0119137,2
tt0119141,3
tt0119142,5
tt0119152,2
tt0119153,3
tt0119164,4
tt0119173,0
tt0119174,5
tt0119177,2
tt0119190,2
tt0119196,5
tt0119209,5
tt0119210,5
tt0119214,2
tt0119215,2
tt0119217,5
tt0119223,2
tt0119225,3
tt0119229,2
tt0119237,3
tt0119280,0
tt0119282,2
tt0119303,2
tt0119304,3
tt0119305,2
tt0119311,2
tt0119313,3
tt0119314,0
tt0119324,2
tt0119327,2
tt0119336,3
tt0119345,3
tt0119349,2
tt0119361,3
tt0119381,2
tt0119395,2
tt0119396,2
tt0119432,5
tt0119465,4
tt0119467,7
tt0119468,0
tt0119484,3
tt0119485,0
tt0119488,0
tt0119494,0
tt0119502,3
tt0119509,2
tt0119528,1
tt0119535,7
tt0119557,0
tt0119560,2
tt0119561,3
tt0119567,2
tt0119572,0
tt0119577,2
tt0119578,3
tt0119590,2
tt0119592,0
tt0119607,1
tt0119630,3
tt0119632,3
tt0119640,2
tt0119643,2
tt0119644,5
tt0119654,3
tt0119664,0
tt0119668,0
tt0119670,0
tt0119675,2
tt0119695,3
tt0119707,2
tt0119709,3
tt0119718,5
tt0119731,3
tt0119734,2
tt0119738,0
tt0119746,3
tt0119778,2
tt0119802,2
tt0119807,5
tt0119809,2
tt0119819,0
tt0119822,2
tt0119832,2
tt0119848,2
tt0119859,2
tt0119874,2
tt0119887,2
tt0119891,0
tt0119892,0
tt0119896,7
tt0119899,1
tt0119905,5
tt0119906,0
tt0119910,3
tt0119925,2
tt0119934,0
tt0119937,5
tt0119942,5
tt0119951,2
tt0119986,0
tt0119988,0
tt0119994,0
tt0120004,5
tt0120008,2
tt0120014,0
tt0120032,2
tt0120036,2
tt0120053,2
tt0120070,2
tt0120082,0
tt0120094,3
tt0120102,0
tt0120107,5
tt0120112,0
tt0120133,7
tt0120148,5
tt0120151,2
tt0120152,3
tt0120157,5
tt0120169,0
tt0120177,2
tt0120179,0
tt0120184,2
tt0120188,2
tt0120190,5
tt0120197,2
tt0120201,2
tt0120202,3
tt0120207,0
tt0120213,5
tt0120219,7
tt0120255,1
tt0120271,0
tt0120275,5
tt0120301,2
tt0120303,3
tt0120317,2
tt0120318,3
tt0120321,5
tt0120323,0
tt0120324,2
tt0120338,2
tt0120347,2
tt0120357,2
tt0120363,3
tt0120366,3
tt0120373,2
tt0120376,0
tt0120382,5
tt0120383,3
tt0120389,0
tt0120390,0
tt0120394,1
tt0120399,5
tt0120402,3
tt0120434,2
tt0120458,0
tt0120461,5
tt0120472,2
tt0120479,0
tt0120481,2
tt0120483,3
tt0120484,2
tt0120490,0
tt0120510,1
tt0120512,2
tt0120520,2
tt0120521,3
tt0120524,2
tt0120531,7
tt0120533,3
tt0120550,5
tt0120576,2
tt0120577,0
tt0120586,0
tt0120587,2
tt0120591,5
tt0120595,2
tt0120596,2
tt0120598,7
tt0120601,2
tt0120603,0
tt0120610,4
tt0120611,0
tt0120613,0
tt0120616,0
tt0120618,2
tt0120620,5
tt0120623,2
tt0120630,2
tt0120631,2
tt0120632,5
tt0120633,0
tt0120643,0
tt0120645,3
tt0120646,0
tt0120647,5
tt0120654,5
tt0120655,5
tt0120657,0
tt0120659,3
tt0120660,3
tt0120663,2
tt0120669,5
tt0120670,4
tt0120679,2
tt0120681,2
tt0120683,5
tt0120684,2
tt0120685,2
tt0120686,0
tt0120687,5
tt0120689,2
tt0120693,2
tt0120694,2
tt0120696,0
tt0120699,5
tt0120701,2
tt0120703,1
tt0120707,3
tt0120710,0
tt0120716,0
tt0120722,3
tt0120723,2
tt0120724,2
tt0120725,1
tt0120728,3
tt0120737,2
tt0120738,2
tt0120741,3
tt0120742,2
tt0120744,2
tt0120746,5
tt0120749,0
tt0120751,3
tt0120755,4
tt0120757,3
tt0120762,0
tt0120764,0
tt0120765,2
tt0120768,0
tt0120769,2
tt0120770,7
tt0120772,0
tt0120773,3
tt0120775,0
tt0120776,1
tt0120777,2
tt0120780,0
tt0120782,3
tt0120783,3
tt0120784,3
tt0120787,0
tt0120788,1
tt0120789,0
tt0120791,3
tt0120793,2
tt0120794,2
tt0120797,2
tt0120800,3
tt0120802,3
tt0120804,3
tt0120812,0
tt0120813,0
tt0120815,0
tt0120820,2
tt0120823,2
tt0120824,3
tt0120828,5
tt0120831,2
tt0120832,2
tt0120834,1
tt0120835,5
tt0120838,0
tt0120841,0
tt0120844,0
tt0120855,2
tt0120856,0
tt0120857,2
tt0120861,1
tt0120863,4
tt0120866,0
tt0120873,2
tt0120879,3
tt0120885,2
tt0120888,2
tt0120889,5
tt0120890,3
tt0120891,0
tt0120899,2
tt0120901,0
tt0120903,2
tt0120906,5
tt0120907,5
tt0120912,0
tt0120913,3
tt0120915,0
tt0120917,5
tt0121765,5
tt0121766,2
tt0122143,0
tt0122151,5
tt0122459,3
tt0122541,0
tt0122642,2
tt0122690,3
tt0122718,7
tt0122728,3
tt0122933,2
tt0123209,0
tt0123324,2
tt0123964,3
tt0123987,2
tt0124102,0
tt0124198,2
tt0124298,7
tt0124315,2
tt0124595,0
tt0124718,0
tt0124777,3
tt0124879,0
tt0124901,5
tt0125022,1
tt0125439,2
tt0125454,0
tt0125664,2
tt0125676,5
tt0125971,1
tt0126029,3
tt0126250,0
tt0126604,0
tt0126859,3
tt0126886,2
tt0126916,5
tt0127247,0
tt0127349,0
tt0127536,5
tt0127722,2
tt0127723,3
tt0128239,2
tt0128278,2
tt0128442,0
tt0128445,0
tt0128853,0
tt0129167,7
tt0129280,2
tt0129290,5
tt0129332,3
tt0129387,1
tt0130018,3
tt0130121,2
tt0130623,2
tt0131325,3
tt0131369,5
tt0131436,5
tt0131646,0
tt0131704,2
tt0131857,3
tt0132213,0
tt0132245,5
tt0132347,2
tt0132477,2
tt0132512,5
tt0133046,3
tt0133093,2
tt0133240,0
tt0133412,2
tt0133751,2
tt0133952,0
tt0134067,2
tt0134084,3
tt0134119,2
tt0134154,4
tt0134273,0
tt0134618,3
tt0134619,3
tt0134630,2
tt0134847,2
tt0134948,1
tt0134983,0
tt0136352,2
tt0137338,9
tt0137363,0
tt0137386,1
tt0137494,5
tt0137523,0
tt0138097,0
tt0138279,0
tt0138304,0
tt0138510,0
tt0138524,5
tt0138537,2
tt0138681,2
tt0138704,3
tt0138749,2
tt0138874,2
tt0138946,0
tt0139134,0
tt0139239,4
tt0139362,3
tt0139414,2
tt0139462,5
tt0139615,0
tt0139654,0
tt0139668,2
tt0139669,3
tt0139699,0
tt0139809,2
tt0140282,2
tt0140352,3
tt0140379,2
tt0140397,1
tt0140688,5
tt0140796,3
tt0140888,4
tt0141098,2
tt0141109,3
tt0141369,0
tt0141399,7
tt0141907,1
tt0141926,0
tt0141974,3
tt0142192,2
tt0142201,1
tt0142231,0
tt0142342,2
tt0143145,0
tt0143344,0
tt0143746,2
tt0143874,2
tt0144084,0
tt0144120,0
tt0144142,5
tt0144168,3
tt0144178,5
tt0144214,2
tt0144637,2
tt0144640,5
tt0144715,2
tt0144801,2
tt0144814,0
tt0144964,2
tt0145048,2
tt0145394,5
tt0145487,5
tt0145531,0
tt0145653,3
tt0145660,1
tt0145681,2
tt0145893,0
tt0145937,0
tt0146309,2
tt0146316,0
tt0146336,2
tt0146675,2
tt0146838,0
tt0146882,3
tt0146984,2
tt0147004,2
tt0147612,5
tt0147800,1
tt0148421,2
tt0149261,2
tt0149367,3
tt0149624,4
tt0149691,2
tt0150216,5
tt0150290,2
tt0150377,0
tt0150915,0
tt0150992,3
tt0151137,3
tt0151150,3
tt0151568,2
tt0151582,0
tt0151738,7
tt0151804,1
tt0152836,2
tt0153464,3
tt0154420,2
tt0155267,0
tt0155388,2
tt0155753,5
tt0155776,3
tt0156323,4
tt0156757,2
tt0156812,2
tt0156841,2
tt0156934,3
tt0157075,2
tt0157472,2
tt0157503,3
tt0158371,0
tt0158493,2
tt0158622,2
tt0158811,2
tt0159273,5
tt0159365,0
tt0159421,5
tt0159539,5
tt0160009,1
tt0160127,5
tt0160216,5
tt0160236,2
tt0160298,2
tt0160338,5
tt0160401,0
tt0160484,3
tt0160498,3
tt0160509,3
tt0160513,5
tt0160620,0
tt0160644,2
tt0160672,0
tt0160797,0
tt0160862,0
tt0160905,2
tt0160916,2
tt0161023,2
tt0161081,2
tt0161083,2
tt0161100,3
tt0161216,5
tt0162222,2
tt0162346,5
tt0162360,0
tt0162650,3
tt0162661,0
tt0162677,2
tt0162710,3
tt0162711,2
tt0162830,0
tt0162983,5
tt0163025,2
tt0163187,3
tt0163579,0
tt0163651,1
tt0163676,0
tt0163978,0
tt0163983,0
tt0163988,0
tt0164052,0
tt0164085,2
tt0164108,3
tt0164114,2
tt0164181,0
tt0164184,0
tt0164212,0
tt0164221,5
tt0164334,3
tt0164810,3
tt0164912,9
tt0165494,5
tt0165710,1
tt0165773,3
tt0165854,1
tt0165859,5
tt0165929,0
tt0165982,2
tt0166110,0
tt0166195,2
tt0166252,5
tt0166276,2
tt0166396,2
tt0166485,0
tt0166813,5
tt0166896,2
tt0166924,0
tt0166943,5
tt0167190,0
tt0167203,5
tt0167260,2
tt0167261,2
tt0167404,5
tt0167423,5
tt0167427,2
tt0167456,5
tt0168172,5
tt0168501,0
tt0168515,3
tt0168629,3
tt0168786,3
tt0168808,2
tt0168987,2
tt0169102,3
tt0169547,5
tt0170016,0
tt0170691,1
tt0171356,1
tt0171363,2
tt0171433,0
tt0171580,1
tt0172156,3
tt0172396,0
tt0172493,5
tt0172495,0
tt0172627,0
tt0172632,3
tt0172726,0
tt0173390,0
tt0173716,5
tt0173772,0
tt0173840,2
tt0174268,0
tt0174336,5
tt0174480,2
tt0174732,2
tt0174856,5
tt0175142,2
tt0175159,1
tt0175880,2
tt0176269,5
tt0176783,3
tt0177068,2
tt0177240,5
tt0177789,0
tt0177971,2
tt0178642,3
tt0178737,5
tt0178988,0
tt0179098,0
tt0179626,0
tt0180052,0
tt0180073,0
tt0180093,2
tt0180679,3
tt0180837,5
tt0181151,3
tt0181288,3
tt0181316,0
tt0181536,5
tt0181689,2
tt0181733,5
tt0181739,5
tt0181833,0
tt0181835,7
tt0181836,3
tt0181852,2
tt0181865,0
tt0181875,3
tt0181945,2
tt0181984,2
tt0182000,5
tt0182295,3
tt0182299,3
tt0182508,2
tt0182789,7
tt0183523,2
tt0183659,2
tt0183790,0
tt0183869,2
tt0184510,1
tt0184719,3
tt0184858,2
tt0184894,0
tt0184907,3
tt0185014,3
tt0185125,3
tt0185183,2
tt0185371,0
tt0185431,5
tt0185711,5
tt0185937,3
tt0186045,2
tt0186151,0
tt0186508,3
tt0186566,2
tt0186589,7
tt0186894,2
tt0186895,1
tt0186975,0
tt0187393,2
tt0187696,2
tt0187738,3
tt0187859,3
tt0188160,5
tt0188863,1
tt0189192,5
tt0189541,2
tt0189744,3
tt0189998,0
tt0190138,3
tt0190255,2
tt0190332,4
tt0190374,5
tt0190590,2
tt0190861,0
tt0190865,3
tt0191037,0
tt0191074,5
tt0191133,1
tt0191211,0
tt0191397,5
tt0191754,0
tt0192071,1
tt0192111,2
tt0192194,3
tt0192255,1
tt0192335,0
tt0192614,2
tt0192731,2
tt0192949,4
tt0194218,3
tt0194314,3
tt0195234,2
tt0195685,3
tt0195714,0
tt0195778,3
tt0195945,2
tt0196106,2
tt0196216,0
tt0196229,2
tt0196635,0
tt0196857,3
tt0197096,2
tt0197311,2
tt0198021,2
tt0198386,0
tt0198781,1
tt0199290,3
tt0199626,3
tt0199725,5
tt0199753,5
tt0200027,2
tt0200071,5
tt0200087,3
tt0200465,5
tt0200469,5
tt0200550,2
tt0200640,5
tt0200720,2
tt0201290,3
tt0201485,0
tt0202402,3
tt0202470,3
tt0202641,3
tt0202677,9
tt0203009,2
tt0203019,0
tt0203027,0
tt0203230,2
tt0203289,2
tt0203408,2
tt0203755,2
tt0204137,3
tt0204175,1
tt0204313,0
tt0204626,0
tt0204946,3
tt0205000,5
tt0205271,2
tt0205461,3
tt0206113,0
tt0206226,3
tt0206275,3
tt0206314,0
tt0206367,2
tt0206420,3
tt0206634,2
tt0206795,3
tt0206963,2
tt0207201,0
tt0207341,1
tt0208003,5
tt0208092,5
tt0208874,0
tt0208988,0
tt0209163,5
tt0209475,2
tt0209958,5
tt0210075,3
tt0210567,5
tt0210584,5
tt0210616,5
tt0210945,4
tt0211181,2
tt0211915,0
tt0211933,2
tt0211934,0
tt0211938,0
tt0212142,3
tt0212338,2
tt0212346,1
tt0212380,9
tt0212720,2
tt0212827,0
tt0212974,3
tt0212985,0
tt0213149,2
tt0213203,3
tt0213790,3
tt0213847,0
tt0213890,3
tt0214931,2
tt0215129,2
tt0215545,0
tt0215750,0
tt0215850,2
tt0216216,0
tt0216707,1
tt0216772,0
tt0216787,1
tt0217107,2
tt0217287,3
tt0217351,3
tt0217505,2
tt0217630,3
tt0217756,2
tt0217869,2
tt0218043,2
tt0218112,1
tt0218182,5
tt0218378,2
tt0218379,0
tt0218619,0
tt0218817,5
tt0218839,2
tt0218922,0
tt0218967,1
tt0219400,2
tt0219653,0
tt0219699,5
tt0219952,2
tt0219965,0
tt0220095,0
tt0220099,2
tt0220506,2
tt0220596,0
tt0220627,2
tt0221013,2
tt0221027,3
tt0221187,5
tt0221218,2
tt0221799,3
tt0222012,5
tt0222850,5
tt0223828,3
tt0223897,3
tt0225071,3
tt0225196,2
tt0225515,2
tt0226430,0
tt0227005,2
tt0227445,3
tt0227538,2
tt0227671,5
tt0228750,0
tt0229260,5
tt0230011,2
tt0230055,0
tt0230600,2
tt0230838,3
tt0231402,2
tt0231448,0
tt0231775,2
tt0231971,0
tt0232079,3
tt0232500,0
tt0233142,3
tt0233315,2
tt0233469,3
tt0233687,2
tt0233841,2
tt0233856,3
tt0234215,1
tt0234354,0
tt0234829,2
tt0234853,2
tt0235327,2
tt0235553,1
tt0235737,3
tt0236008,2
tt0236216,1
tt0236348,0
tt0236388,3
tt0236447,3
tt0236493,3
tt0236576,0
tt0236784,2
tt0237572,5
tt0238112,2
tt0238247,3
tt0238380,3
tt0238546,0
tt0238936,5
tt0238948,0
tt0239395,3
tt0239948,1
tt0239949,2
tt0239986,2
tt0240149,2
tt0240402,2
tt0240462,2
tt0240510,0
tt0240515,1
tt0240772,5
tt0240890,0
tt0240900,3
tt0240912,3
tt0241025,5
tt0241303,4
tt0241527,2
tt0241760,3
tt0242193,2
tt0242252,0
tt0242423,2
tt0242445,0
tt0242587,1
tt0242653,0
tt0242994,5
tt0242998,3
tt0243017,1
tt0243133,2
tt0243155,3
tt0243255,2
tt0243415,3
tt0243585,5
tt0243655,3
tt0243736,2
tt0244000,5
tt0244244,2
tt0244479,0
tt0244528,2
tt0244709,0
tt0244794,3
tt0244970,2
tt0245046,0
tt0245115,2
tt0245120,2
tt0245238,0
tt0245479,1
tt0245562,3
tt0245686,2
tt0245803,0
tt0245837,0
tt0245844,2
tt0245904,0
tt0246002,0
tt0246404,2
tt0246460,2
tt0246464,7
tt0246544,4
tt0246578,0
tt0246628,1
tt0246677,0
tt0246894,2
tt0246989,3
tt0247196,3
tt0247425,0
tt0247444,5
tt0247638,3
tt0248012,2
tt0248126,2
tt0248169,2
tt0248617,5
tt0248667,0
tt0248845,5
tt0248912,2
tt0249462,2
tt0249478,2
tt0250202,2
tt0250224,2
tt0250274,5
tt0250282,5
tt0250310,3
tt0250323,2
tt0250371,2
tt0250415,3
tt0250494,2
tt0250687,1
tt0250690,3
tt0250720,5
tt0250774,5
tt0250797,2
tt0251031,5
tt0251075,2
tt0251114,3
tt0251127,5
tt0251160,0
tt0251736,5
tt0251739,5
tt0251756,0
tt0252028,1
tt0252076,2
tt0252444,5
tt0252501,3
tt0252503,2
tt0252866,2
tt0253028,2
tt0253126,5
tt0253474,0
tt0253556,5
tt0253754,2
tt0253798,1
tt0253867,3
tt0254099,4
tt0254481,2
tt0255212,2
tt0255305,0
tt0255309,3
tt0255477,0
tt0255653,5
tt0255798,2
tt0255819,2
tt0256009,5
tt0256103,0
tt0256380,3
tt0256408,1
tt0256415,5
tt0256524,2
tt0257044,0
tt0257076,3
tt0257106,2
tt0257215,5
tt0257360,3
tt0257516,5
tt0257568,3
tt0257756,2
tt0258000,2
tt0258038,1
tt0258068,0
tt0258351,5
tt0258463,0
tt0258470,3
tt0259017,2
tt0259072,3
tt0259207,0
tt0259288,0
tt0259324,5
tt0259393,0
tt0259446,5
tt0259484,2
tt0259567,0
tt0259711,3
tt0259974,2
tt0260695,2
tt0260775,4
tt0260866,2
tt0261066,0
tt0261289,3
tt0261392,2
tt0261983,2
tt0262396,0
tt0262432,2
tt0262462,0
tt0263488,0
tt0263734,5
tt0263757,2
tt0264150,2
tt0264395,0
tt0264464,0
tt0264472,5
tt0264476,3
tt0264796,5
tt0264802,5
tt0264935,5
tt0265029,5
tt0265086,3
tt0265087,2
tt0265101,2
tt0265148,2
tt0265208,1
tt0265298,5
tt0265349,0
tt0265459,3
tt0265591,5
tt0265632,3
tt0265662,4
tt0265666,3
tt0265808,1
tt0266452,3
tt0266465,5
tt0266489,1
tt0266543,2
tt0266697,4
tt0266747,3
tt0266915,7
tt0266987,2
tt0267248,3
tt0267379,5
tt0267626,0
tt0267804,0
tt0267891,1
tt0267913,2
tt0268126,2
tt0268200,1
tt0268380,2
tt0268397,2
tt0268695,2
tt0268978,2
tt0268995,3
tt0269095,2
tt0269341,5
tt0269347,2
tt0269461,2
tt0270259,2
tt0270288,1
tt0270417,0
tt0270707,0
tt0270971,0
tt0270980,5
tt0271027,0
tt0271259,2
tt0271263,2
tt0271337,5
tt0271367,3
tt0271604,5
tt0271668,5
tt0272020,2
tt0272152,3
tt0272207,3
tt0272338,2
tt0272730,0
tt0273253,2
tt0273300,2
tt0273435,3
tt0273799,3
tt0273923,2
tt0274166,5
tt0274309,0
tt0274558,5
tt0274812,2
tt0275022,2
tt0275170,0
tt0275263,0
tt0275491,5
tt0275560,5
tt0275719,2
tt0275847,2
tt0276033,2
tt0276751,0
tt0276816,2
tt0276860,5
tt0277027,0
tt0277296,5
tt0277371,5
tt0277434,0
tt0277895,2
tt0278102,5
tt0278295,5
tt0278435,0
tt0278488,2
tt0278500,2
tt0278504,2
tt0278522,0
tt0278731,2
tt0278823,2
tt0279111,0
tt0279113,2
tt0279286,5
tt0279493,3
tt0279778,4
tt0279781,2
tt0279889,2
tt0280030,2
tt0280380,2
tt0280438,0
tt0280460,5
tt0280486,2
tt0280491,3
tt0280590,5
tt0280665,0
tt0280674,2
tt0280707,0
tt0280760,0
tt0280778,3
tt0281322,5
tt0281358,2
tt0281373,2
tt0281680,2
tt0282120,0
tt0282209,2
tt0282687,2
tt0282698,2
tt0282718,0
tt0282856,1
tt0282965,3
tt0283026,0
tt0283084,2
tt0283139,1
tt0283160,3
tt0283426,2
tt0283431,3
tt0283503,2
tt0283509,5
tt0283530,2
tt0283832,5
tt0283995,0
tt0284262,3
tt0284363,2
tt0284426,0
tt0284490,0
tt0284494,3
tt0285487,5
tt0285531,2
tt0285681,0
tt0285728,0
tt0285742,0
tt0285823,3
tt0285861,2
tt0285869,0
tt0286106,0
tt0286162,0
tt0286179,2
tt0286218,0
tt0286244,4
tt0286261,0
tt0286716,2
tt0286788,5
tt0286947,2
tt0287467,2
tt0287733,2
tt0287978,2
tt0288045,0
tt0288192,0
tt0288477,0
tt0289176,0
tt0289408,0
tt0289456,3
tt0289765,5
tt0289848,3
tt0289879,0
tt0289992,2
tt0290002,1
tt0290095,2
tt0290210,2
tt0290212,1
tt0290332,2
tt0291003,1
tt0291502,2
tt0292501,2
tt0292506,0
tt0292527,1
tt0292644,2
tt0292963,5
tt0293342,5
tt0293508,3
tt0293564,3
tt0293662,1
tt0293815,5
tt0293899,2
tt0293961,2
tt0294357,3
tt0294662,2
tt0294806,5
tt0294870,5
tt0295178,0
tt0295238,2
tt0295289,3
tt0295297,2
tt0295427,4
tt0295605,1
tt0295700,2
tt0295701,3
tt0295715,5
tt0295721,2
tt0295725,0
tt0296166,5
tt0296572,5
tt0297012,2
tt0297037,2
tt0297162,0
tt0297181,0
tt0297884,2
tt0298071,3
tt0298130,2
tt0298148,2
tt0298203,0
tt0298388,2
tt0298744,0
tt0298798,0
tt0298814,0
tt0298856,0
tt0299117,3
tt0299172,5
tt0299458,5
tt0299658,2
tt0299930,1
tt0300015,5
tt0300051,5
tt0300069,0
tt0300214,4
tt0300274,3
tt0300471,2
tt0300532,2
tt0300556,0
tt0300922,5
tt0301167,2
tt0301181,2
tt0301893,2
tt0302018,5
tt0302640,2
tt0302882,0
tt0302886,3
tt0303010,2
tt0303282,2
tt0303313,0
tt0303321,3
tt0303326,1
tt0303334,0
tt0303353,0
tt0303356,0
tt0303714,2
tt0303785,2
tt0303830,5
tt0303933,5
tt0304141,2
tt0304229,2
tt0304328,0
tt0304415,2
tt0304669,3
tt0304692,0
tt0304711,3
tt0305206,2
tt0305224,5
tt0305357,0
tt0305396,3
tt0305669,0
tt0305711,5
tt0305973,3
tt0306047,0
tt0306069,1
tt0306228,3
tt0306597,0
tt0306685,2
tt0306734,5
tt0306841,2
tt0307398,2
tt0307453,2
tt0307479,0
tt0307901,0
tt0307987,5
tt0308055,2
tt0308208,0
tt0308383,0
tt0308411,0
tt0308506,5
tt0308508,1
tt0308644,5
tt0308878,5
tt0309372,3
tt0309377,0
tt0309452,2
tt0309530,3
tt0309593,0
tt0309600,2
tt0309698,5
tt0309820,5
tt0309912,3
tt0310164,3
tt0310281,5
tt0310357,2
tt0310793,5
tt0310910,0
tt0311110,2
tt0311113,0
tt0311289,0
tt0311429,2
tt0311648,3
tt0312329,2
tt0312528,2
tt0312549,5
tt0312841,5
tt0313196,2
tt0313300,5
tt0313443,5
tt0313542,0
tt0313737,3
tt0313792,3
tt0313911,3
tt0314006,2
tt0314039,2
tt0314166,2
tt0314170,5
tt0314331,5
tt0314353,4
tt0314412,0
tt0314498,0
tt0314676,2
tt0314725,5
tt0314786,0
tt0315273,3
tt0315297,3
tt0315327,3
tt0315632,0
tt0315733,0
tt0315824,3
tt0315983,2
tt0316356,5
tt0316396,2
tt0316465,3
tt0316654,2
tt0316732,3
tt0317132,2
tt0317198,2
tt0317219,5
tt0317303,5
tt0317640,1
tt0317648,0
tt0317676,5
tt0317705,5
tt0317740,2
tt0317910,2
tt0317919,3
tt0317950,0
tt0318034,0
tt0318068,2
tt0318081,1
tt0318155,3
tt0318374,2
tt0318462,2
tt0318627,2
tt0318649,2
tt0318761,2
tt0318997,3
tt0319029,2
tt0319061,0
tt0319262,2
tt0319343,2
tt0319524,2
tt0319829,0
tt0320244,5
tt0320661,2
tt0320691,3
tt0322023,5
tt0322259,3
tt0322289,2
tt0322330,3
tt0322589,0
tt0322650,5
tt0322659,0
tt0322802,2
tt0323013,5
tt0323033,0
tt0323572,2
tt0323633,5
tt0323642,1
tt0323944,5
tt0324127,0
tt0324133,3
tt0324216,0
tt0324554,5
tt0325055,0
tt0325258,5
tt0325537,2
tt0325703,3
tt0325710,0
tt0325805,1
tt0325980,5
tt0326306,0
tt0326722,3
tt0326769,0
tt0326856,5
tt0326900,3
tt0326905,0
tt0326965,2
tt0327036,0
tt0327056,2
tt0327084,2
tt0327137,0
tt0327162,0
tt0327247,3
tt0327437,5
tt0327554,0
tt0327597,3
tt0327643,1
tt0327679,3
tt0327850,3
tt0327920,2
tt0328099,1
tt0328107,2
tt0328538,2
tt0328589,1
tt0328828,0
tt0328880,2
tt0328913,5
tt0328962,3
tt0329028,1
tt0329030,3
tt0329388,2
tt0329575,2
tt0329691,2
tt0329717,3
tt0329774,7
tt0330069,2
tt0330136,1
tt0330373,2
tt0330602,2
tt0330793,2
tt0330843,4
tt0331225,2
tt0331468,0
tt0331632,2
tt0331933,5
tt0331952,2
tt0331953,3
tt0332047,2
tt0332280,2
tt0332375,5
tt0332379,3
tt0332452,0
tt0332636,2
tt0332712,3
tt0333766,3
tt0335013,2
tt0335119,5
tt0335121,0
tt0335245,5
tt0335265,2
tt0335266,5
tt0335345,0
tt0335559,2
tt0337563,2
tt0337578,0
tt0337579,2
tt0337592,3
tt0337632,0
tt0337692,5
tt0337697,0
tt0337711,3
tt0337741,5
tt0337876,0
tt0337909,2
tt0337917,0
tt0337921,0
tt0337978,2
tt0337996,1
tt0338013,2
tt0338077,3
tt0338094,2
tt0338096,2
tt0338097,3
tt0338135,3
tt0338188,0
tt0338216,2
tt0338294,2
tt0338325,2
tt0338337,0
tt0338348,2
tt0338357,0
tt0338427,0
tt0338466,5
tt0338497,3
tt0338512,2
tt0338526,0
tt0338706,3
tt0338751,0
tt0339034,2
tt0339071,3
tt0339091,3
tt0339147,5
tt0339412,5
tt0339642,3
tt0339727,0
tt0339921,0
tt0340012,4
tt0340163,3
tt0340376,2
tt0340377,1
tt0340855,5
tt0341266,2
tt0341540,0
tt0341549,0
tt0342167,3
tt0342172,0
tt0342258,0
tt0342275,0
tt0342300,0
tt0342508,0
tt0342804,0
tt0342913,3
tt0343121,0
tt0343135,3
tt0343172,0
tt0343660,2
tt0343737,5
tt0343818,2
tt0343978,3
tt0344337,3
tt0344510,4
tt0344854,0
tt0345074,0
tt0345950,2
tt0346156,0
tt0346491,3
tt0346723,5
tt0346962,5
tt0347167,0
tt0347246,1
tt0347304,3
tt0347332,0
tt0347368,5
tt0347416,2
tt0347473,2
tt0347779,5
tt0348150,2
tt0348333,2
tt0348505,5
tt0348529,3
tt0348593,2
tt0348656,3
tt0348836,2
tt0349169,2
tt0349205,5
tt0349238,5
tt0349333,2
tt0349416,1
tt0349467,2
tt0349683,2
tt0349710,0
tt0349825,2
tt0349903,0
tt0350028,2
tt0350194,0
tt0350232,0
tt0350258,3
tt0350261,3
tt0351283,0
tt0351708,0
tt0351977,1
tt0352248,2
tt0352277,2
tt0354578,0
tt0354595,0
tt0354766,2
tt0354899,3
tt0355295,2
tt0355702,1
tt0356150,2
tt0356470,1
tt0356614,2
tt0356618,0
tt0356680,2
tt0356721,2
tt0356910,0
tt0357054,3
tt0357110,5
tt0357111,5
tt0357277,2
tt0357413,2
tt0357470,3
tt0357507,2
tt0357585,3
tt0357668,2
tt0358082,2
tt0358135,2
tt0358273,5
tt0358349,2
tt0358647,2
tt0359013,3
tt0359045,2
tt0359423,3
tt0359517,5
tt0359950,0
tt0360009,0
tt0360025,3
tt0360130,2
tt0360139,3
tt0360201,1
tt0360323,0
tt0360486,3
tt0360717,2
tt0360916,5
tt0361089,3
tt0361127,0
tt0361309,0
tt0361467,2
tt0361500,7
tt0361596,0
tt0361620,0
tt0361693,0
tt0361696,3
tt0361715,2
tt0361748,0
tt0361841,1
tt0361862,0
tt0361925,5
tt0362120,1
tt0362129,2
tt0362165,0
tt0362227,5
tt0362269,2
tt0362270,2
tt0362478,0
tt0362511,1
tt0362526,1
tt0362582,0
tt0363095,0
tt0363282,5
tt0363473,3
tt0363504,5
tt0363532,3
tt0363547,3
tt0363589,5
tt0363771,3
tt0363988,0
tt0364045,0
tt0364303,5
tt0364343,3
tt0364725,5
tt0364751,3
tt0364955,0
tt0364961,2
tt0364970,2
tt0365125,2
tt0365190,0
tt0365485,2
tt0365737,0
tt0365748,0
tt0365830,3
tt0365885,3
tt0365907,0
tt0365929,2
tt0365957,3
tt0365960,3
tt0366174,2
tt0366548,2
tt0366627,2
tt0366701,2
tt0366780,1
tt0366971,0
tt0367027,5
tt0367085,1
tt0367089,1
tt0367093,2
tt0367097,2
tt0367110,0
tt0367478,5
tt0367479,2
tt0367594,3
tt0367652,5
tt0367882,0
tt0367959,2
tt0367960,2
tt0368008,1
tt0368447,0
tt0368578,2
tt0368580,5
tt0368658,3
tt0368709,2
tt0368745,2
tt0368794,1
tt0368891,0
tt0368933,5
tt0368975,3
tt0369053,0
tt0369226,0
tt0369295,3
tt0369339,0
tt0369436,5
tt0369441,5
tt0369610,2
tt0369637,5
tt0369672,5
tt0369702,0
tt0369735,5
tt0370032,0
tt0371246,5
tt0371257,2
tt0371583,2
tt0371606,5
tt0371683,5
tt0371724,0
tt0371746,0
tt0371939,5
tt0372183,0
tt0372237,2
tt0372321,2
tt0372401,2
tt0372532,5
tt0372588,0
tt0372763,1
tt0372784,2
tt0372873,2
tt0373024,0
tt0373051,2
tt0373152,0
tt0373175,2
tt0373416,3
tt0373450,0
tt0373469,2
tt0373746,2
tt0373788,2
tt0373889,2
tt0373908,5
tt0373926,2
tt0374089,2
tt0374277,5
tt0374536,6
tt0374563,2
tt0374600,0
tt0374639,3
tt0374783,2
tt0374803,5
tt0374900,5
tt0375063,0
tt0375104,2
tt0375173,4
tt0375210,2
tt0375568,2
tt0375611,0
tt0375735,5
tt0376105,3
tt0376108,3
tt0376136,0
tt0376541,1
tt0376588,0
tt0376649,5
tt0376890,2
tt0376994,2
tt0377038,2
tt0377062,3
tt0377071,3
tt0377091,2
tt0377092,5
tt0377107,2
tt0377109,0
tt0377471,3
tt0377744,5
tt0377818,5
tt0377992,3
tt0378072,0
tt0378109,7
tt0378194,0
tt0378378,2
tt0379402,5
tt0379713,3
tt0379725,1
tt0379786,2
tt0379865,0
tt0380268,0
tt0380275,7
tt0380277,2
tt0380510,2
tt0380531,2
tt0380599,0
tt0380609,0
tt0380615,2
tt0380623,5
tt0380732,0
tt0381061,0
tt0381505,0
tt0381681,3
tt0381707,1
tt0381971,9
tt0382073,3
tt0382077,0
tt0382383,3
tt0382561,2
tt0382625,0
tt0382628,0
tt0382932,2
tt0382992,0
tt0383010,1
tt0383028,0
tt0383060,2
tt0383475,2
tt0383543,2
tt0383574,0
tt0383648,5
tt0384533,5
tt0384537,2
tt0384680,0
tt0384686,2
tt0384793,5
tt0384810,0
tt0384814,0
tt0384929,2
tt0385002,0
tt0385004,0
tt0385267,3
tt0385307,2
tt0385635,2
tt0385666,2
tt0385726,3
tt0385752,0
tt0385878,5
tt0385880,0
tt0385890,3
tt0386032,0
tt0386064,2
tt0386117,5
tt0386140,3
tt0386423,5
tt0386588,0
tt0386733,2
tt0386741,1
tt0387059,2
tt0387131,3
tt0387412,0
tt0387514,5
tt0387549,0
tt0387564,4
tt0387575,5
tt0387808,4
tt0387877,3
tt0387989,0
tt0388125,2
tt0388182,5
tt0388183,1
tt0388201,1
tt0388288,3
tt0388419,5
tt0388482,0
tt0388500,3
tt0388789,2
tt0388795,0
tt0388888,3
tt0388980,0
tt0389139,2
tt0389326,5
tt0389328,0
tt0389722,0
tt0389790,0
tt0389831,5
tt0389860,3
tt0390022,2
tt0390123,2
tt0390221,3
tt0390384,1
tt0390418,0
tt0390521,5
tt0390614,5
tt0390632,0
tt0391024,1
tt0391104,0
tt0391198,0
tt0391225,3
tt0391304,0
tt0391407,0
tt0392591,5
tt0392739,3
tt0393162,5
tt0393735,3
tt0395169,5
tt0395251,0
tt0395543,5
tt0395584,5
tt0395699,2
tt0395972,0
tt0396087,0
tt0396112,2
tt0396171,0
tt0396240,3
tt0396269,5
tt0396271,0
tt0396555,4
tt0396592,5
tt0396652,1
tt0396690,5
tt0396705,2
tt0397044,0
tt0397065,2
tt0397078,0
tt0397101,2
tt0397103,5
tt0397313,3
tt0397535,0
tt0397892,5
tt0398017,3
tt0398103,2
tt0398165,0
tt0398173,2
tt0398286,0
tt0398375,2
tt0398712,2
tt0398808,0
tt0398835,0
tt0398842,2
tt0398872,3
tt0398971,1
tt0398982,3
tt0399095,2
tt0399146,2
tt0399201,2
tt0399295,0
tt0399327,5
tt0399877,2
tt0399901,5
tt0400525,2
tt0400717,1
tt0401244,3
tt0401383,3
tt0401445,3
tt0401462,2
tt0401581,2
tt0401591,5
tt0401729,4
tt0401792,0
tt0401855,2
tt0401997,2
tt0402022,0
tt0402141,0
tt0402249,2
tt0402398,2
tt0402399,0
tt0402577,0
tt0402595,1
tt0402743,0
tt0402894,2
tt0402901,2
tt0402910,5
tt0403016,1
tt0403217,2
tt0403455,2
tt0403508,2
tt0403537,0
tt0403893,5
tt0403910,3
tt0404030,0
tt0404032,2
tt0404203,2
tt0404390,3
tt0405159,2
tt0405271,2
tt0405296,2
tt0405325,5
tt0405422,2
tt0405469,2
tt0405508,0
tt0405676,0
tt0406038,1
tt0406158,2
tt0406375,2
tt0406650,4
tt0406759,2
tt0406816,5
tt0406977,5
tt0407121,7
tt0407263,3
tt0407265,0
tt0407304,2
tt0407732,4
tt0407887,2
tt0408236,3
tt0408261,2
tt0408306,0
tt0408338,5
tt0408345,0
tt0408524,2
tt0408790,2
tt0408839,5
tt0408961,2
tt0408985,3
tt0409182,0
tt0409459,2
tt0409673,1
tt0409838,5
tt0409947,0
tt0410297,3
tt0410377,2
tt0410454,2
tt0410818,3
tt0411195,0
tt0411270,2
tt0411475,5
tt0411477,2
tt0412019,3
tt0412080,2
tt0412536,0
tt0412922,1
tt0413015,2
tt0413099,5
tt0413267,2
tt0413300,0
tt0414055,2
tt0414344,3
tt0414426,5
tt0414982,0
tt0414993,4
tt0415306,1
tt0415833,5
tt0415908,0
tt0415949,2
tt0415965,0
tt0415978,1
tt0416185,3
tt0416212,5
tt0416236,0
tt0416315,4
tt0416320,5
tt0416508,0
tt0416825,2
tt0416887,0
tt0416991,3
tt0417001,2
tt0417148,0
tt0417217,2
tt0417225,0
tt0417433,3
tt0417614,2
tt0417741,2
tt0418038,1
tt0418206,2
tt0418279,2
tt0418362,2
tt0418460,3
tt0418647,0
tt0418689,2
tt0418753,4
tt0418763,2
tt0418773,3
tt0419081,2
tt0419294,2
tt0419434,0
tt0419706,3
tt0419749,1
tt0419843,0
tt0419887,2
tt0419946,0
tt0419984,5
tt0420015,0
tt0420087,2
tt0420183,2
tt0420223,0
tt0420238,2
tt0420286,0
tt0420293,3
tt0420294,2
tt0420304,2
tt0420332,0
tt0420550,3
tt0420609,3
tt0420723,3
tt0420835,3
tt0421054,9
tt0421073,0
tt0421082,1
tt0421206,5
tt0421229,3
tt0421237,0
tt0421239,2
tt0421250,2
tt0421715,0
tt0421729,3
tt0422029,3
tt0422091,2
tt0422236,3
tt0422295,1
tt0422528,3
tt0422720,2
tt0422774,5
tt0422783,2
tt0422861,5
tt0422950,3
tt0423169,5
tt0423294,3
tt0424095,3
tt0424345,0
tt0424823,1
tt0424880,5
tt0424908,3
tt0424993,1
tt0425061,2
tt0425112,0
tt0425123,5
tt0425210,0
tt0425253,2
tt0425430,5
tt0425601,3
tt0426592,0
tt0426596,0
tt0426615,5
tt0426931,2
tt0427089,1
tt0427152,2
tt0427229,1
tt0427309,0
tt0427312,2
tt0427380,5
tt0427392,3
tt0427470,0
tt0427482,5
tt0427969,2
tt0428003,3
tt0428251,5
tt0428430,3
tt0428518,0
tt0428546,1
tt0428609,0
tt0428672,5
tt0428803,2
tt0429068,0
tt0429177,4
tt0429493,0
tt0429589,5
tt0429591,1
tt0430105,2
tt0430308,3
tt0430357,1
tt0430431,0
tt0430634,5
tt0430745,3
tt0430779,5
tt0430912,2
tt0430916,3
tt0430922,5
tt0431021,2
tt0431197,3
tt0431308,2
tt0431461,5
tt0432021,2
tt0432264,1
tt0432283,0
tt0432290,3
tt0432337,3
tt0432348,1
tt0432402,0
tt0432637,0
tt0433035,2
tt0433383,0
tt0433386,3
tt0433400,2
tt0433405,0
tt0433412,1
tt0433442,2
tt0434215,0
tt0434424,5
tt0435434,2
tt0435651,2
tt0435670,2
tt0435705,0
tt0435761,5
tt0436039,5
tt0436070,1
tt0436078,2
tt0436095,3
tt0436262,3
tt0436331,2
tt0436339,3
tt0436364,0
tt0436613,2
tt0436629,5
tt0436686,0
tt0436697,2
tt0436720,0
tt0436724,5
tt0436727,1
tt0436857,1
tt0437179,2
tt0437232,5
tt0437407,3
tt0437777,1
tt0437800,2
tt0437863,2
tt0438097,2
tt0438205,5
tt0438315,0
tt0438427,0
tt0438488,2
tt0439289,2
tt0439662,3
tt0439707,5
tt0439815,0
tt0439876,5
tt0440963,0
tt0441007,5
tt0441048,0
tt0441773,5
tt0441796,5
tt0441909,5
tt0442933,3
tt0443272,1
tt0443274,0
tt0443431,2
tt0443453,3
tt0443456,2
tt0443473,0
tt0443489,5
tt0443536,3
tt0443543,0
tt0443632,5
tt0443649,0
tt0443680,2
tt0443691,0
tt0443698,2
tt0443701,3
tt0443706,0
tt0444182,0
tt0444608,1
tt0444672,0
tt0444682,5
tt0444698,3
tt0444781,3
tt0444840,3
tt0445396,0
tt0445620,0
tt0445922,5
tt0445934,2
tt0445990,5
tt0446012,3
tt0446029,3
tt0446046,10
tt0446345,0
tt0446676,2
tt0446687,3
tt0446752,2
tt0446755,5
tt0447016,3
tt0448011,2
tt0448022,5
tt0448075,2
tt0448134,4
tt0448157,0
tt0448166,5
tt0448206,2
tt0448694,5
tt0448978,5
tt0449010,2
tt0449018,5
tt0449059,0
tt0449086,5
tt0449088,3
tt0449089,2
tt0449121,2
tt0449389,2
tt0449467,0
tt0449487,0
tt0449994,2
tt0449999,3
tt0450188,0
tt0450232,7
tt0450259,5
tt0450314,2
tt0450345,3
tt0450385,0
tt0450405,3
tt0451021,0
tt0451069,2
tt0451176,2
tt0451206,2
tt0451631,3
tt0451833,2
tt0451850,5
tt0452594,2
tt0452598,3
tt0452608,0
tt0452623,2
tt0452624,1
tt0452625,3
tt0452637,2
tt0452659,0
tt0452681,2
tt0452694,2
tt0452702,2
tt0452711,0
tt0453451,3
tt0453467,2
tt0453494,0
tt0453508,0
tt0453540,0
tt0453556,2
tt0453562,1
tt0454824,0
tt0454841,0
tt0454848,0
tt0454876,3
tt0454919,2
tt0454921,1
tt0454931,2
tt0454945,2
tt0454970,2
tt0454987,2
tt0455323,2
tt0455326,0
tt0455407,3
tt0455475,2
tt0455581,0
tt0455590,1
tt0455760,0
tt0455782,0
tt0455822,5
tt0455824,2
tt0455857,2
tt0455915,0
tt0455944,2
tt0455953,3
tt0455958,1
tt0455967,2
tt0456020,0
tt0456144,3
tt0456165,3
tt0456481,2
tt0456549,1
tt0456554,2
tt0457303,0
tt0457308,5
tt0457355,2
tt0457400,2
tt0457419,7
tt0457430,2
tt0457433,0
tt0457452,2
tt0457495,2
tt0457510,2
tt0457513,3
tt0457530,4
tt0457875,3
tt0457939,3
tt0458339,2
tt0458352,5
tt0458375,5
tt0458413,5
tt0458425,2
tt0458480,3
tt0458525,0
tt0459293,0
tt0459605,0
tt0460557,3
tt0460611,0
tt0460745,5
tt0460792,1
tt0460829,2
tt0460975,2
tt0461209,5
tt0461323,3
tt0461336,5
tt0461770,0
tt0461892,0
tt0461936,2
tt0462044,2
tt0462229,3
tt0462244,2
tt0462295,2
tt0462302,0
tt0462322,3
tt0462346,3
tt0462395,0
tt0462396,2
tt0462499,2
tt0462519,1
tt0462538,1
tt0462590,3
tt0462757,3
tt0463027,2
tt0463034,5
tt0463854,3
tt0463985,3
tt0463998,3
tt0464049,5
tt0464141,5
tt0464154,0
tt0464160,1
tt0464184,5
tt0465142,2
tt0465234,0
tt0465436,2
tt0465494,2
tt0465502,5
tt0465538,0
tt0465551,0
tt0465580,2
tt0465602,1
tt0465624,7
tt0466342,2
tt0466665,5
tt0466856,5
tt0466893,2
tt0466943,3
tt0467017,0
tt0467110,0
tt0467197,0
tt0467200,2
tt0467406,3
tt0468094,2
tt0468463,3
tt0468489,0
tt0468526,0
tt0468569,2
tt0468580,5
tt0468988,1
tt0469494,0
tt0469623,0
tt0469641,2
tt0469903,0
tt0470679,1
tt0470752,0
tt0470765,5
tt0470869,3
tt0471042,2
tt0472043,2
tt0472062,2
tt0472181,0
tt0472186,2
tt0472210,1
tt0472399,5
tt0473015,3
tt0473024,0
tt0473075,3
tt0473174,0
tt0473308,2
tt0473444,3
tt0473488,0
tt0473500,1
tt0473692,4
tt0473700,3
tt0473705,2
tt0474622,2
tt0475276,0
tt0475355,2
tt0475390,1
tt0475420,0
tt0475944,2
tt0475998,3
tt0476053,0
tt0476503,2
tt0476550,2
tt0476643,1
tt0476805,1
tt0476964,0
tt0476991,2
tt0476995,2
tt0477051,5
tt0477053,5
tt0477071,0
tt0477078,2
tt0477080,5
tt0477302,5
tt0477347,0
tt0477348,2
tt0477392,0
tt0478087,1
tt0478134,2
tt0478304,5
tt0478311,5
tt0478338,2
tt0478366,5
tt0478970,2
tt0479074,3
tt0479143,0
tt0479409,5
tt0479468,0
tt0479500,1
tt0479647,3
tt0479884,2
tt0479952,2
tt0479965,0
tt0479968,0
tt0479974,0
tt0479997,0
tt0480239,3
tt0480242,2
tt0480249,0
tt0480255,3
tt0480269,3
tt0480687,2
tt0481141,5
tt0481369,2
tt0481499,5
tt0481574,0
tt0481589,0
tt0481797,2
tt0482546,2
tt0482571,2
tt0482572,0
tt0482599,2
tt0482603,0
tt0482606,5
tt0483607,5
tt0483726,3
tt0484111,2
tt0484562,3
tt0484740,0
tt0485185,1
tt0485272,1
tt0485522,5
tt0485877,3
tt0485985,5
tt0486051,1
tt0486259,5
tt0486321,7
tt0486358,2
tt0486551,2
tt0486576,2
tt0486578,5
tt0486583,3
tt0486615,2
tt0486655,7
tt0486674,2
tt0486822,3
tt0486946,3
tt0487092,3
tt0487156,2
tt0487894,0
tt0488120,2
tt0488414,0
tt0488508,3
tt0488658,2
tt0488906,2
tt0489037,2
tt0489049,2
tt0489099,0
tt0489237,5
tt0489244,2
tt0489247,2
tt0489270,5
tt0489281,0
tt0489282,2
tt0489327,5
tt0489560,5
tt0489682,3
tt0489707,0
tt0490084,1
tt0490196,1
tt0490204,2
tt0490210,4
tt0490579,0
tt0491152,1
tt0491691,2
tt0491877,3
tt0492044,3
tt0492389,1
tt0492447,5
tt0492466,0
tt0492488,2
tt0492492,5
tt0492506,3
tt0492931,0
tt0492956,5
tt0493081,3
tt0493395,1
tt0493430,0
tt0493451,2
tt0493459,2
tt0493464,4
tt0493949,2
tt0494203,5
tt0494652,3
tt0494834,2
tt0495036,2
tt0495060,3
tt0495103,3
tt0496328,3
tt0496806,0
tt0497116,2
tt0497316,5
tt0497465,2
tt0498097,2
tt0498329,2
tt0498351,5
tt0498353,2
tt0498379,2
tt0498380,3
tt0498399,0
tt0499375,5
tt0499448,0
tt0499549,0
tt0499554,3
tt0499556,0
tt0499570,5
tt0499596,0
tt0499603,5
tt0756703,2
tt0756727,0
tt0756729,2
tt0757361,2
tt0758053,2
tt0758758,2
tt0758766,0
tt0758774,2
tt0758784,5
tt0758794,0
tt0758798,2
tt0760160,3
tt0760311,3
tt0762073,2
tt0762105,2
tt0762111,2
tt0762114,5
tt0762121,0
tt0762125,2
tt0762138,5
tt0763304,5
tt0763831,0
tt0763840,0
tt0763852,3
tt0765010,0
tt0765429,3
tt0765443,2
tt0765446,2
tt0765447,0
tt0765476,1
tt0768212,0
tt0768239,3
tt0770214,0
tt0770703,5
tt0770752,5
tt0770772,0
tt0770828,0
tt0772153,0
tt0772157,3
tt0772165,2
tt0772168,0
tt0772178,3
tt0772193,5
tt0775076,5
tt0775488,2
tt0775529,2
tt0775536,1
tt0775539,0
tt0775543,5
tt0775552,3
tt0775566,2
tt0780511,2
tt0780521,2
tt0780536,2
tt0780548,2
tt0780567,1
tt0780571,2
tt0780595,0
tt0780606,0
tt0780608,1
tt0780653,2
tt0783233,5
tt0783238,5
tt0783608,2
tt0783695,5
tt0784972,5
tt0785003,2
tt0785006,3
tt0785007,3
tt0785025,3
tt0785077,5
tt0787474,0
tt0787475,1
tt0790602,3
tt0790604,2
tt0790627,0
tt0790628,0
tt0790636,2
tt0790686,2
tt0790706,0
tt0790712,2
tt0790724,3
tt0790736,3
tt0790799,5
tt0790804,1
tt0791304,1
tt0795376,5
tt0795381,3
tt0795421,1
tt0795434,3
tt0795438,3
tt0795458,2
tt0795461,0
tt0796335,3
tt0796366,3
tt0796368,5
tt0796375,5
tt0799916,2
tt0799934,3
tt0799949,1
tt0799954,0
tt0800003,2
tt0800027,1
tt0800039,2
tt0800080,2
tt0800081,0
tt0800099,5
tt0800241,1
tt0800308,3
tt0800369,2
tt0800981,5
tt0803057,3
tt0804452,2
tt0804461,3
tt0804492,3
tt0804497,2
tt0804516,2
tt0804522,5
tt0805184,2
tt0805526,5
tt0805564,5
tt0805570,0
tt0806027,5
tt0806088,3
tt0806203,2
tt0807758,5
tt0808142,2
tt0808190,0
tt0808331,0
tt0808357,2
tt0808417,3
tt0808438,2
tt0808510,1
tt0809439,5
tt0810768,7
tt0810784,0
tt0810819,5
tt0810913,3
tt0810922,2
tt0810928,2
tt0810951,2
tt0810970,2
tt0810988,5
tt0811066,2
tt0811080,0
tt0811106,5
tt0811137,3
tt0811138,1
tt0811154,2
tt0814005,2
tt0814022,3
tt0814255,2
tt0814314,0
tt0815236,0
tt0815241,2
tt0815244,1
tt0815245,0
tt0816238,2
tt0816442,2
tt0816631,2
tt0816692,2
tt0816711,0
tt0817177,2
tt0817230,0
tt0817538,5
tt0817545,4
tt0818098,0
tt0818165,2
tt0818490,3
tt0818669,2
tt0818682,2
tt0821442,0
tt0821640,3
tt0821642,2
tt0821810,3
tt0822847,2
tt0822849,0
tt0822854,2
tt0823219,3
tt0824375,2
tt0824747,1
tt0825232,5
tt0825346,2
tt0826547,2
tt0828065,5
tt0828393,2
tt0829150,0
tt0829193,2
tt0829459,0
tt0829482,5
tt0830361,3
tt0830515,3
tt0830535,1
tt0830570,0
tt0830968,3
tt0831884,4
tt0831887,0
tt0832266,5
tt0832906,5
tt0833476,2
tt0833553,5
tt0833960,5
tt0834001,2
tt0834952,2
tt0835418,3
tt0837559,0
tt0837562,2
tt0838221,2
tt0838232,7
tt0838241,3
tt0838283,2
tt0839742,2
tt0839980,5
tt0840019,2
tt0840322,0
tt0840361,2
tt0841032,3
tt0841044,0
tt0841046,5
tt0841108,2
tt0841992,2
tt0842926,5
tt0843850,2
tt0843876,5
tt0844289,2
tt0844471,3
tt0844479,2
tt0844671,5
tt0844993,2
tt0845448,5
tt0846040,3
tt0846308,2
tt0847221,2
tt0848537,2
tt0848542,0
tt0852713,2
tt0852984,0
tt0853096,0
tt0858479,2
tt0859163,0
tt0859760,5
tt0861689,1
tt0864761,5
tt0864835,5
tt0865556,3
tt0865559,1
tt0866437,5
tt0866439,3
tt0870089,0
tt0870111,2
tt0870122,0
tt0870984,5
tt0871426,3
tt0872230,2
tt0872335,1
tt0873886,5
tt0874423,0
tt0875034,0
tt0875705,5
tt0878804,0
tt0878835,3
tt0879870,0
tt0880570,2
tt0880578,0
tt0881320,0
tt0881891,5
tt0882977,2
tt0884224,5
tt0884328,0
tt0884732,5
tt0884842,5
tt0886539,1
tt0887259,2
tt0887719,2
tt0887883,3
tt0887966,2
tt0888693,2
tt0889134,3
tt0889573,5
tt0889588,2
tt0890870,2
tt0891527,1
tt0891592,1
tt0892255,0
tt0892318,5
tt0892737,2
tt0892769,0
tt0892791,2
tt0892904,0
tt0893325,1
tt0893356,5
tt0893382,2
tt0893412,1
tt0896866,2
tt0897361,2
tt0898367,3
tt0899106,2
tt0899238,0
tt0901476,2
tt0903624,2
tt0907657,0
tt0910936,3
tt0910970,2
tt0912580,5
tt0912583,1
tt0912590,2
tt0912592,5
tt0912593,0
tt0912599,0
tt0913354,2
tt0913413,2
tt0913425,2
tt0913958,2
tt0914358,2
tt0914382,1
tt0914797,5
tt0914798,2
tt0914845,2
tt0918927,0
tt0923600,3
tt0923671,2
tt0923752,2
tt0924129,0
tt0925248,2
tt0926084,2
tt0926380,2
tt0928413,1
tt0929425,2
tt0929742,3
tt0930057,3
tt0935075,0
tt0936471,1
tt0937237,2
tt0937375,3
tt0938283,2
tt0938321,0
tt0938330,2
tt0939681,5
tt0940620,3
tt0940709,2
tt0942385,0
tt0943512,1
tt0944101,2
tt0944835,2
tt0945513,0
tt0947798,1
tt0947802,2
tt0947810,3
tt0948470,0
tt0949731,0
tt0951216,5
tt0952640,2
tt0952682,3
tt0952693,7
tt0953896,0
tt0954947,0
tt0955306,0
tt0955308,2
tt0956038,5
tt0959337,1
tt0960098,3
tt0960144,2
tt0960731,0
tt0960741,2
tt0962726,5
tt0962736,3
tt0963178,0
tt0963208,3
tt0963794,2
tt0963807,5
tt0963966,2
tt0964185,3
tt0964516,2
tt0964517,2
tt0964539,0
tt0969307,0
tt0970179,0
tt0970184,3
tt0970411,0
tt0970468,2
tt0970866,2
tt0971160,0
tt0971209,2
tt0972359,3
tt0974554,0
tt0974661,0
tt0975645,2
tt0976026,3
tt0976051,1
tt0976222,0
tt0976238,5
tt0976247,3
tt0977662,2
tt0978759,0
tt0978764,2
tt0979434,0
tt0980970,2
tt0981072,0
tt0981227,2
tt0982898,5
tt0983193,2
tt0984210,2
tt0985593,3
tt0985636,3
tt0985694,2
tt0985699,0
tt0986213,0
tt0986263,2
tt0988045,2
tt0988047,0
tt0988102,2
tt0988595,2
tt0989757,0
tt0990376,2
tt0990407,0
tt0991346,0
tt0993789,3
tt0993842,2
tt0993846,2
tt0995031,2
tt0995039,2
tt0995061,1
tt0995752,3
tt0997047,5
tt0997167,2
tt0997185,5
tt1000774,0
tt1001508,3
tt1001526,2
tt1001540,3
tt1001562,2
tt1003113,0
tt1003116,5
tt1003118,2
tt1006959,2
tt1007018,0
tt1007028,1
tt1007029,0
tt1007950,3
tt1008003,0
tt1008023,3
tt1010048,0
tt1012804,5
tt1013743,1
tt1013753,2
tt1014673,3
tt1014763,2
tt1014775,0
tt1015971,2
tt1016268,0
tt1017442,2
tt1017451,5
tt1017456,0
tt1018785,0
tt1019452,3
tt1020072,0
tt1020530,2
tt1020558,0
tt1020876,2
tt1020938,1
tt1022603,3
tt1023111,3
tt1023481,5
tt1024648,0
tt1024715,5
tt1024746,3
tt1024943,0
tt1027718,5
tt1027729,2
tt1027862,5
tt1028576,0
tt1028581,5
tt1029120,2
tt1029231,0
tt1031562,2
tt1031969,2
tt1032751,0
tt1032755,3
tt1032815,1
tt1032854,2
tt1033575,5
tt1033643,0
tt1034032,0
tt1034303,0
tt1034314,2
tt1034331,2
tt1034389,2
tt1035736,3
tt1037218,2
tt1037705,0
tt1038043,3
tt1038919,0
tt1039903,5
tt1039995,2
tt1041753,5
tt1041804,5
tt1041829,0
tt1042499,5
tt1042877,5
tt1043451,3
tt1043726,2
tt1043839,2
tt1045655,0
tt1045658,0
tt1045670,2
tt1045778,3
tt1045874,3
tt1045889,1
tt1046163,2
tt1046173,2
tt1046947,5
tt1046997,0
tt1047540,1
tt1049400,0
tt1049402,0
tt1049405,5
tt1049413,5
tt1050739,3
tt1051904,0
tt1051981,3
tt1053424,1
tt1053810,3
tt1053889,0
tt1054588,0
tt1054606,2
tt1055292,5
tt1055369,2
tt1056441,0
tt1057500,0
tt1058017,2
tt1059317,3
tt1059786,3
tt1060249,2
tt1060277,0
tt1063628,5
tt1065073,2
tt1067583,2
tt1067774,3
tt1068646,3
tt1068649,5
tt1068680,2
tt1070858,2
tt1072430,2
tt1072437,2
tt1073498,5
tt1074194,3
tt1074638,2
tt1075417,5
tt1075747,2
tt1077368,2
tt1078588,2
tt1078891,2
tt1078912,2
tt1078940,2
tt1079964,3
tt1080016,0
tt1082601,1
tt1082868,0
tt1082886,5
tt1083447,1
tt1083456,1
tt1084950,0
tt1085515,5
tt1086772,5
tt1090757,0
tt1091191,0
tt1091225,5
tt1091229,5
tt1091617,1
tt1091722,3
tt1091751,1
tt1092026,1
tt1092633,5
tt1093355,3
tt1093357,0
tt1093908,1
tt1095174,5
tt1095217,2
tt1095453,1
tt1096999,3
tt1097013,0
tt1099212,0
tt1100089,0
tt1100119,0
tt1103153,1
tt1103982,0
tt1104001,2
tt1104733,5
tt1104783,2
tt1105512,2
tt1105733,2
tt1105747,2
tt1106860,0
tt1109499,2
tt1111422,0
tt1111948,2
tt1112115,9
tt1114677,1
tt1114680,5
tt1114740,1
tt1119646,3
tt1120985,2
tt1121931,3
tt1122599,0
tt1122614,3
tt1122836,0
tt1124035,0
tt1124039,0
tt1124217,3
tt1124388,2
tt1125849,2
tt1125929,0
tt1126590,2
tt1126591,3
tt1126618,1
tt1127180,0
tt1127221,5
tt1127715,2
tt1127877,0
tt1127896,2
tt1129381,2
tt1129412,5
tt1129423,5
tt1129442,1
tt1129445,3
tt1130080,3
tt1130884,2
tt1130988,2
tt1131729,5
tt1131734,2
tt1132193,0
tt1132449,1
tt1132588,3
tt1132626,2
tt1133985,0
tt1133993,5
tt1134629,5
tt1135084,2
tt1135092,2
tt1135487,1
tt1135525,0
tt1135944,2
tt1135985,5
tt1136608,2
tt1139328,2
tt1142433,3
tt1142977,2
tt1142988,5
tt1143105,3
tt1143896,5
tt1144541,1
tt1144551,3
tt1144804,5
tt1144884,0
tt1145855,1
tt1146325,2
tt1148204,2
tt1149362,2
tt1149405,2
tt1149583,0
tt1151309,2
tt1151915,2
tt1151922,5
tt1152398,2
tt1152758,2
tt1152822,1
tt1152836,0
tt1152850,2
tt1153690,0
tt1153706,3
tt1155056,2
tt1155076,5
tt1155592,2
tt1156398,0
tt1157620,2
tt1157668,1
tt1157685,0
tt1157694,5
tt1157705,5
tt1159922,2
tt1160368,0
tt1161064,2
tt1161418,5
tt1161864,2
tt1164092,2
tt1166100,5
tt1170358,0
tt1171222,1
tt1171238,2
tt1172233,2
tt1172994,2
tt1174041,2
tt1174732,0
tt1175491,0
tt1175506,2
tt1175709,2
tt1175713,3
tt1176740,2
tt1176960,2
tt1178640,2
tt1178663,2
tt1178665,3
tt1179031,0
tt1179034,0
tt1180346,0
tt1182345,2
tt1182350,0
tt1182908,2
tt1182937,2
tt1182972,2
tt1183251,0
tt1183919,4
tt1183923,1
tt1185371,1
tt1185376,1
tt1185416,3
tt1185420,3
tt1185431,5
tt1185442,0
tt1185616,0
tt1185834,0
tt1185836,2
tt1186248,0
tt1186367,1
tt1186370,2
tt1187041,0
tt1187043,1
tt1187044,9
tt1188729,2
tt1188982,3
tt1188996,0
tt1189073,5
tt1189076,0
tt1189259,0
tt1189340,0
tt1190080,3
tt1190536,2
tt1190537,0
tt1190617,1
tt1190858,2
tt1191138,3
tt1192628,3
tt1193138,3
tt1193630,3
tt1194127,3
tt1194173,2
tt1194417,5
tt1195478,1
tt1196134,3
tt1196141,2
tt1196165,5
tt1196340,5
tt1196672,0
tt1196707,2
tt1196948,5
tt1197624,0
tt1197628,3
tt1198101,2
tt1198138,0
tt1198156,3
tt1198405,2
tt1200853,2
tt1201167,3
tt1201607,0
tt1202203,3
tt1202576,0
tt1204298,2
tt1204340,0
tt1204342,5
tt1204975,0
tt1204977,5
tt1205489,2
tt1205537,0
tt1206483,1
tt1206543,0
tt1210039,2
tt1210071,5
tt1210166,0
tt1210819,2
tt1211956,2
tt1212007,0
tt1212419,0
tt1212436,0
tt1212450,0
tt1212451,2
tt1212909,2
tt1213012,0
tt1213574,1
tt1213585,2
tt1213644,5
tt1213663,2
tt1215458,2
tt1216475,2
tt1216491,7
tt1216492,2
tt1217209,0
tt1217616,2
tt1219289,3
tt1219342,0
tt1220198,0
tt1220220,4
tt1220628,0
tt1220634,0
tt1222815,2
tt1222817,0
tt1223236,5
tt1225822,1
tt1226229,0
tt1226240,5
tt1226271,1
tt1226273,2
tt1226774,1
tt1228705,2
tt1228953,2
tt1228987,2
tt1229340,2
tt1229366,3
tt1229370,0
tt1229822,5
tt1229827,0
tt1230130,2
tt1230215,3
tt1230414,1
tt1230448,2
tt1231580,5
tt1231583,0
tt1231586,4
tt1231587,2
tt1232200,2
tt1232207,0
tt1232783,2
tt1232829,3
tt1233227,2
tt1233334,0
tt1234240,3
tt1234548,4
tt1234654,2
tt1235170,1
tt1235189,0
tt1235522,2
tt1235790,3
tt1235841,1
tt1237838,2
tt1238291,5
tt1238298,2
tt1239427,5
tt1240982,0
tt1241226,2
tt1241316,0
tt1242432,2
tt1242460,2
tt1242503,5
tt1242599,0
tt1242782,3
tt1243957,3
tt1243974,3
tt1244659,0
tt1244754,0
tt1245492,0
tt1245526,5
tt1247692,3
tt1247704,0
tt1250777,4
tt1251743,2
tt1252595,5
tt1253853,0
tt1253863,0
tt1253864,0
tt1254696,2
tt1255951,3
tt1258972,2
tt1259521,3
tt1259571,5
tt1260565,0
tt1261945,2
tt1262416,2
tt1262863,0
tt1262981,5
tt1263670,0
tt1265990,2
tt1266072,0
tt1266583,2
tt1266615,1
tt1268204,3
tt1268799,2
tt1268969,2
tt1270262,4
tt1270798,0
tt1272878,0
tt1273675,1
tt1273678,5
tt1274295,2
tt1274300,0
tt1275863,2
tt1276104,2
tt1276419,2
tt1277953,2
tt1278060,2
tt1278340,2
tt1278379,1
tt1278447,3
tt1279111,2
tt1279935,0
tt1280011,2
tt1280015,3
tt1280725,1
tt1282140,3
tt1282153,0
tt1284575,2
tt1284596,2
tt1285016,0
tt1285241,3
tt1285252,2
tt1287468,0
tt1288553,3
tt1290082,3
tt1291150,2
tt1291465,3
tt1291584,0
tt1292655,2
tt1294136,2
tt1294226,5
tt1295909,3
tt1297921,2
tt1298649,1
tt1298650,2
tt1300851,2
tt1300854,2
tt1301130,2
tt1302011,5
tt1302067,5
tt1303803,2
tt1305583,3
tt1305591,2
tt1306972,5
tt1306980,3
tt1307068,2
tt1307858,5
tt1307861,5
tt1308165,2
tt1311060,5
tt1311071,0
tt1313092,0
tt1313104,0
tt1314228,5
tt1314655,0
tt1315350,2
tt1315981,0
tt1316616,2
tt1318512,0
tt1318514,5
tt1319744,0
tt1320244,3
tt1320253,0
tt1320261,5
tt1321860,2
tt1321865,3
tt1321870,2
tt1322264,3
tt1322269,0
tt1322312,3
tt1322393,5
tt1323594,2
tt1324055,0
tt1324059,1
tt1324078,3
tt1324999,5
tt1325004,2
tt1326204,3
tt1326900,0
tt1326954,0
tt1326972,5
tt1327035,2
tt1327194,3
tt1327773,2
tt1328634,2
tt1328913,2
tt1331025,2
tt1331064,1
tt1332100,2
tt1333125,0
tt1333668,5
tt1334260,5
tt1334470,0
tt1334479,3
tt1334510,0
tt1334537,2
tt1335975,0
tt1336608,0
tt1336617,0
tt1337051,1
tt1339043,2
tt1339181,2
tt1339268,2
tt1340800,2
tt1341167,3
tt1341188,1
tt1343110,1
tt1343362,3
tt1343727,2
tt1345836,0
tt1351685,2
tt1352852,2
tt1355630,3
tt1355683,3
tt1356790,2
tt1356864,2
tt1357111,0
tt1361313,5
tt1363468,3
tt1365050,2
tt1366344,3
tt1366365,2
tt1368440,2
tt1371081,2
tt1371111,3
tt1371150,0
tt1371155,0
tt1373156,2
tt1375666,0
tt1375670,3
tt1375789,2
tt1376233,3
tt1377278,5
tt1385824,2
tt1385826,0
tt1385867,2
tt1386588,3
tt1386654,2
tt1388394,5
tt1389127,0
tt1389137,5
tt1390398,0
tt1390411,0
tt1390539,2
tt1391092,5
tt1391544,3
tt1391871,2
tt1392170,5
tt1392190,0
tt1392197,5
tt1392214,2
tt1392744,2
tt1393742,5
tt1394192,1
tt1394211,1
tt1395025,5
tt1396209,5
tt1396218,0
tt1397280,2
tt1397514,2
tt1398426,0
tt1399103,0
tt1399683,2
tt1401143,1
tt1401152,0
tt1403241,0
tt1403862,0
tt1403865,0
tt1403981,0
tt1403988,1
tt1405500,2
tt1407055,3
tt1407061,3
tt1407084,3
tt1407927,3
tt1408101,0
tt1408253,0
tt1409006,0
tt1411238,2
tt1411250,0
tt1411664,3
tt1411697,5
tt1411704,2
tt1413493,2
tt1413495,0
tt1413496,2
tt1414382,2
tt1415283,5
tt1416801,3
tt1417592,2
tt1418377,0
tt1418702,0
tt1421051,3
tt1423636,2
tt1423995,2
tt1424381,2
tt1425922,3
tt1426320,5
tt1426329,5
tt1428459,3
tt1430132,0
tt1430607,5
tt1430612,2
tt1430615,2
tt1430626,2
tt1431122,2
tt1431181,3
tt1433099,5
tt1433108,2
tt1433540,2
tt1433813,2
tt1433822,0
tt1433905,2
tt1436559,0
tt1436562,3
tt1438254,2
tt1438298,2
tt1440129,2
tt1440266,2
tt1440728,3
tt1440732,0
tt1440770,2
tt1441326,2
tt1446147,3
tt1446192,0
tt1446714,0
tt1447508,0
tt1448755,3
tt1449283,1
tt1452599,2
tt1453405,3
tt1454029,2
tt1454468,0
tt1455811,3
tt1457767,5
tt1458175,0
tt1458596,0
tt1458939,0
tt1458956,0
tt1460646,5
tt1462041,0
tt1462054,3
tt1462411,3
tt1462758,2
tt1462769,2
tt1462900,0
tt1462901,3
tt1464174,2
tt1464540,3
tt1464590,2
tt1465487,3
tt1466072,2
tt1468387,5
tt1470023,2
tt1470827,2
tt1474889,1
tt1476251,2
tt1477076,0
tt1477837,2
tt1477855,0
tt1478338,5
tt1478964,2
tt1479320,2
tt1480295,3
tt1480656,0
tt1482980,3
tt1482991,2
tt1483010,2
tt1483013,0
tt1484521,0
tt1484522,9
tt1486185,0
tt1486190,3
tt1486192,5
tt1486193,3
tt1486843,2
tt1487107,1
tt1487118,2
tt1487931,5
tt1488555,3
tt1489185,3
tt1490017,7
tt1493157,2
tt1496025,3
tt1496422,3
tt1499201,5
tt1499302,2
tt1499658,5
tt1502404,2
tt1502712,0
tt1503769,2
tt1504320,0
tt1506940,5
tt1508675,5
tt1509276,3
tt1510907,2
tt1515091,2
tt1515935,5
tt1517489,0
tt1519461,2
tt1520498,4
tt1521197,0
tt1522857,4
tt1523939,2
tt1524095,2
tt1524137,2
tt1524575,0
tt1524930,0
tt1525838,0
tt1527788,2
tt1528224,3
tt1528854,3
tt1529273,2
tt1529307,2
tt1529567,0
tt1530983,3
tt1531706,3
tt1531930,0
tt1532957,3
tt1532958,5
tt1533089,2
tt1533749,0
tt1534075,4
tt1535108,3
tt1535109,2
tt1535110,2
tt1535421,3
tt1535438,2
tt1535568,2
tt1535612,3
tt1535970,3
tt1536044,2
tt1538403,2
tt1540068,0
tt1540128,0
tt1540133,0
tt1540741,5
tt1540814,0
tt1541153,3
tt1541160,4
tt1541995,5
tt1542344,3
tt1545106,2
tt1547230,2
tt1547234,0
tt1547651,0
tt1549571,0
tt1549572,2
tt1549920,2
tt1551630,2
tt1554091,5
tt1555064,0
tt1558250,2
tt1559040,0
tt1559549,3
tt1560479,0
tt1560747,2
tt1560957,2
tt1560985,2
tt1560987,2
tt1562450,0
tt1562568,5
tt1562859,0
tt1562871,2
tt1562872,3
tt1562899,0
tt1562904,0
tt1563704,2
tt1563738,3
tt1564349,2
tt1564367,3
tt1564585,2
tt1564870,5
tt1566501,5
tt1566648,5
tt1567233,5
tt1568150,2
tt1568334,0
tt1568335,5
tt1568338,2
tt1568911,0
tt1568923,5
tt1570583,2
tt1570728,0
tt1570989,3
tt1571222,0
tt1571249,2
tt1572154,0
tt1572311,2
tt1572315,2
tt1572769,0
tt1573072,2
tt1578261,3
tt1578275,3
tt1578715,0
tt1579361,3
tt1582248,2
tt1582507,0
tt1583420,2
tt1583421,3
tt1584016,5
tt1586265,2
tt1586752,0
tt1587310,0
tt1587426,5
tt1587707,2
tt1587729,3
tt1588173,3
tt1588336,2
tt1590295,0
tt1591479,3
tt1592525,2
tt1596343,2
tt1596346,2
tt1596350,2
tt1596363,1
tt1596365,0
tt1596753,5
tt1598642,2
tt1598778,4
tt1598822,2
tt1598828,3
tt1599348,3
tt1600195,2
tt1600196,2
tt1600530,3
tt1602472,2
tt1602613,2
tt1602620,2
tt1603257,2
tt1604171,2
tt1604589,0
tt1605630,3
tt1605717,3
tt1605783,2
tt1605790,2
tt1605791,2
tt1605803,5
tt1606259,3
tt1606378,5
tt1606389,3
tt1606392,4
tt1606829,2
tt1609113,3
tt1609479,2
tt1611224,0
tt1612279,2
tt1613023,0
tt1613062,3
tt1615147,3
tt1615918,5
tt1616195,2
tt1617661,0
tt1618399,1
tt1618430,2
tt1618432,3
tt1618442,2
tt1620719,5
tt1620933,3
tt1621039,4
tt1621045,2
tt1621046,3
tt1622547,0
tt1622979,2
tt1623205,2
tt1623288,2
tt1625346,2
tt1626135,2
tt1626146,4
tt1627924,3
tt1628024,2
tt1629376,4
tt1629705,0
tt1629757,5
tt1630036,0
tt1631867,2
tt1632708,0
tt1633356,0
tt1634003,1
tt1634122,0
tt1634138,4
tt1634286,2
tt1636826,0
tt1637688,2
tt1637706,5
tt1637725,2
tt1638355,5
tt1638362,5
tt1638364,0
tt1639426,2
tt1640459,2
tt1640484,2
tt1641624,5
tt1641975,2
tt1644503,3
tt1645080,2
tt1645089,2
tt1645170,3
tt1646971,0
tt1646980,3
tt1646987,3
tt1647668,5
tt1648179,3
tt1649419,0
tt1649421,2
tt1649444,3
tt1650043,3
tt1650062,2
tt1650393,2
tt1650537,0
tt1650554,2
tt1652287,1
tt1653002,0
tt1653827,3
tt1655420,3
tt1655441,3
tt1655442,2
tt1655460,2
tt1657507,0
tt1658501,5
tt1658801,5
tt1659337,4
tt1659343,2
tt1661382,2
tt1662293,2
tt1663143,4
tt1663202,3
tt1663631,2
tt1663662,0
tt1663702,0
tt1666186,0
tt1666305,2
tt1666801,5
tt1667838,1
tt1667889,3
tt1669846,5
tt1670345,3
tt1670389,3
tt1670994,0
tt1673434,2
tt1674771,0
tt1675192,2
tt1678051,0
tt1680311,3
tt1681666,5
tt1682180,3
tt1682940,0
tt1683451,3
tt1684233,0
tt1684548,2
tt1684628,5
tt1686821,2
tt1687247,0
tt1687277,0
tt1687281,5
tt1690953,2
tt1691917,2
tt1691920,3
tt1692928,3
tt1694015,2
tt1694020,0
tt1695994,1
tt1697641,2
tt1698641,3
tt1699147,0
tt1699513,2
tt1700845,0
tt1702014,3
tt1702425,5
tt1702439,3
tt1702443,0
tt1703958,3
tt1705111,0
tt1706317,3
tt1706687,3
tt1707380,2
tt1708532,0
tt1708537,2
tt1709143,2
tt1710396,2
tt1710417,3
tt1710469,2
tt1711376,2
tt1711484,3
tt1712159,2
tt1712170,3
tt1713476,0
tt1714203,3
tt1714206,3
tt1714209,3
tt1716777,5
tt1718898,2
tt1719071,2
tt1720172,5
tt1720182,3
tt1723121,2
tt1723811,0
tt1726592,3
tt1727388,2
tt1727776,0
tt1728239,3
tt1728986,5
tt1729226,3
tt1729637,2
tt1730687,3
tt1731141,2
tt1731701,7
tt1731764,0
tt1733525,0
tt1734110,3
tt1735279,1
tt1735495,5
tt1735898,3
tt1736672,1
tt1737122,2
tt1740710,3
tt1740799,0
tt1741243,2
tt1742044,2
tt1742650,2
tt1744847,2
tt1746153,5
tt1748043,3
tt1748062,2
tt1748122,2
tt1748158,0
tt1748199,0
tt1748227,0
tt1753549,5
tt1753813,3
tt1754633,3
tt1754811,3
tt1754853,5
tt1758575,2
tt1758595,2
tt1758610,0
tt1758692,5
tt1758795,3
tt1758830,2
tt1761005,2
tt1762399,3
tt1763275,2
tt1763303,1
tt1764183,3
tt1764234,3
tt1764651,2
tt1766067,2
tt1766085,9
tt1769363,2
tt1772230,0
tt1772240,0
tt1772288,2
tt1772341,5
tt1772371,3
tt1772408,0
tt1773109,5
tt1777595,2
tt1777610,2
tt1778304,2
tt1778924,2
tt1781769,0
tt1781784,3
tt1781922,2
tt1785279,0
tt1785612,3
tt1786751,2
tt1787067,5
tt1787660,0
tt1787725,5
tt1787791,2
tt1787816,2
tt1787988,4
tt1790864,2
tt1790867,5
tt1790885,2
tt1790886,2
tt1791500,0
tt1791528,2
tt1792647,0
tt1797487,3
tt1798243,1
tt1798291,3
tt1798684,2
tt1800241,2
tt1800246,0
tt1800266,5
tt1800367,3
tt1800741,7
tt1801113,0
tt1805432,2
tt1806777,7
tt1807944,0
tt1809398,5
tt1810683,2
tt1810697,2
tt1813237,0
tt1813440,5
tt1814621,3
tt1814836,5
tt1815862,2
tt1817081,3
tt1817276,2
tt1817287,2
tt1817676,2
tt1817771,3
tt1821549,3
tt1821658,2
tt1821694,3
tt1823672,0
tt1824254,2
tt1825784,0
tt1827528,5
tt1830786,5
tt1830792,3
tt1832382,2
tt1833673,2
tt1834234,2
tt1837562,3
tt1837703,3
tt1837709,0
tt1838544,1
tt1839492,2
tt1839654,2
tt1840309,2
tt1840398,3
tt1840417,2
tt1841542,2
tt1843866,0
tt1845213,2
tt1845773,0
tt1845804,5
tt1845849,3
tt1848826,5
tt1849718,0
tt1850457,5
tt1853643,1
tt1853728,1
tt1854564,0
tt1855199,2
tt1855325,0
tt1855401,3
tt1856038,1
tt1856109,1
tt1858776,2
tt1859650,2
tt1860353,0
tt1861281,2
tt1862079,2
tt1864288,0
tt1864405,2
tt1865505,2
tt1866210,2
tt1866249,6
tt1867093,0
tt1869716,0
tt1870529,0
tt1870548,5
tt1872181,2
tt1872194,2
tt1872818,5
tt1874513,2
tt1877832,2
tt1881002,3
tt1884268,2
tt1885448,0
tt1891757,0
tt1893326,2
tt1894458,5
tt1894476,4
tt1894561,3
tt1895587,0
tt1904996,5
tt1906329,2
tt1906443,3
tt1907639,3
tt1907668,0
tt1907731,5
tt1911644,0
tt1911658,0
tt1912979,3
tt1915551,0
tt1915581,2
tt1918727,2
tt1918886,0
tt1918965,0
tt1920849,2
tt1921064,5
tt1922612,7
tt1922748,2
tt1922777,3
tt1924429,2
tt1924435,0
tt1925479,2
tt1929263,3
tt1931388,2
tt1931435,5
tt1931533,9
tt1931549,5
tt1931569,2
tt1934231,3
tt1934335,2
tt1937092,2
tt1937222,5
tt1941541,2
tt1942971,1
tt1945062,0
tt1945087,2
tt1948150,5
tt1949178,0
tt1949548,2
tt1950135,3
tt1951216,0
tt1951261,2
tt1951264,5
tt1951265,5
tt1951266,0
tt1954352,2
tt1956697,5
tt1959490,2
tt1959550,2
tt1961447,0
tt1964418,2
tt1965065,5
tt1965264,2
tt1966604,2
tt1971352,2
tt1971403,2
tt1972571,0
tt1972663,2
tt1972779,5
tt1974382,2
tt1975205,5
tt1976000,2
tt1976009,3
tt1976608,0
tt1977953,4
tt1978480,3
tt1979172,2
tt1979388,2
tt1980986,3
tt1981080,2
tt1981115,2
tt1981677,0
tt1981703,2
tt1985019,2
tt1985966,5
tt1985981,7
tt1986161,2
tt1986769,3
tt1986998,5
tt1989593,2
tt1989712,2
tt1990181,2
tt1991245,0
tt1992156,2
tt1992193,7
tt1995260,0
tt1995304,0
tt1996264,1
tt1996346,5
tt1999192,0
tt2002718,5
tt2004420,5
tt2005153,3
tt2006295,0
tt2007360,2
tt2009606,2
tt2010510,3
tt2011109,5
tt2011183,2
tt2011232,3
tt2011265,2
tt2011953,4
tt2012011,0
tt2014338,2
tt2015370,0
tt2015381,0
tt2016894,5
tt2016940,3
tt2017020,3
tt2017038,2
tt2018086,0
tt2023453,1
tt2023587,2
tt2024432,0
tt2024469,0
tt2024544,1
tt2025526,0
tt2027064,0
tt2033933,3
tt2033981,2
tt2034031,3
tt2034139,0
tt2035630,2
tt2039393,2
tt2040504,0
tt2041488,2
tt2042568,3
tt2049559,3
tt2049589,1
tt2051879,2
tt2051894,2
tt2053397,5
tt2053425,5
tt2055765,3
tt2059171,3
tt2062484,5
tt2062622,3
tt2062645,3
tt2062961,3
tt2062996,2
tt2063011,0
tt2063666,3
tt2063781,2
tt2066176,0
tt2070791,0
tt2070852,2
tt2072164,5
tt2072230,2
tt2072987,5
tt2073016,4
tt2073029,0
tt2073070,0
tt2076220,0
tt2077747,0
tt2077833,2
tt2077851,2
tt2082197,3
tt2082232,5
tt2083231,2
tt2083355,5
tt2083383,2
tt2084773,5
tt2084953,1
tt2084970,5
tt2084989,0
tt2085888,5
tt2089721,2
tt2090580,0
tt2091398,2
tt2093067,2
tt2093109,2
tt2093269,3
tt2094890,0
tt2096672,2
tt2096673,2
tt2097298,1
tt2097307,5
tt2101341,2
tt2102502,5
tt2103227,3
tt2103254,5
tt2103267,2
tt2103281,0
tt2105044,2
tt2106361,2
tt2106739,2
tt2106741,0
tt2109184,0
tt2109248,2
tt2112124,2
tt2112131,0
tt2112293,5
tt2113659,0
tt2113822,0
tt2118702,2
tt2119463,5
tt2120120,0
tt2120152,5
tt2120779,3
tt2121304,3
tt2122340,3
tt2124074,3
tt2124803,1
tt2124908,5
tt2125435,2
tt2125439,2
tt2125490,5
tt2125608,1
tt2125653,0
tt2125666,0
tt2125698,2
tt2126355,0
tt2128441,2
tt2130242,2
tt2130282,5
tt2130321,5
tt2132285,5
tt2133214,2
tt2140373,2
tt2140379,2
tt2140383,0
tt2140619,7
tt2141751,2
tt2141773,0
tt2147728,2
tt2158531,5
tt2166214,5
tt2167056,2
tt2169322,3
tt2170439,2
tt2170584,0
tt2170593,2
tt2172071,5
tt2172934,1
tt2172935,2
tt2174896,3
tt2176013,5
tt2176228,5
tt2177711,2
tt2177771,0
tt2178470,3
tt2178508,5
tt2178941,2
tt2179116,0
tt2179136,2
tt2180411,0
tt2181931,0
tt2183034,0
tt2184339,2
tt2185056,1
tt2186663,2
tt2186781,2
tt2186933,2
tt2187884,4
tt2187972,7
tt2190367,3
tt2190984,2
tt2191701,5
tt2191721,5
tt2193215,0
tt2193364,2
tt2193418,2
tt2194328,6
tt2194499,5
tt2195548,5
tt2197905,2
tt2199571,0
tt2201548,0
tt2205401,0
tt2205591,0
tt2205904,4
tt2205948,2
tt2206498,5
tt2207006,3
tt2209418,2
tt2209764,0
tt2212008,0
tt2213054,2
tt2215151,2
tt2215366,2
tt2215477,5
tt2215719,2
tt2217458,3
tt2218003,0
tt2222206,5
tt2222584,2
tt2223990,2
tt2224004,2
tt2224317,0
tt2226417,2
tt2226519,3
tt2229499,3
tt2229842,0
tt2231138,2
tt2234003,2
tt2234155,2
tt2234315,5
tt2235108,0
tt2235248,1
tt2235779,2
tt2238050,2
tt2238839,2
tt2239400,2
tt2239832,3
tt2241069,5
tt2241750,6
tt2243389,0
tt2244901,5
tt2245003,2
tt2245084,5
tt2246526,3
tt2246724,1
tt2247432,2
tt2247476,2
tt2247692,2
tt2250032,3
tt2260060,0
tt2260728,0
tt2261409,3
tt2265171,2
tt2265398,2
tt2265431,0
tt2266938,2
tt2267998,2
tt2268016,5
tt2271641,2
tt2272336,0
tt2273657,2
tt2274570,2
tt2275471,0
tt2275549,2
tt2275794,5
tt2275802,3
tt2276023,2
tt2278388,0
tt2278668,3
tt2278871,2
tt2279339,1
tt2279373,2
tt2281159,2
tt2281267,0
tt2281587,5
tt2282662,1
tt2289920,1
tt2290739,0
tt2292625,0
tt2292959,2
tt2293060,2
tt2293640,1
tt2294449,5
tt2294629,3
tt2294677,3
tt2294729,3
tt2294965,5
tt2295722,0
tt2296697,3
tt2298394,3
tt2301155,2
tt2302755,0
tt2304426,2
tt2304459,2
tt2304485,5
tt2304583,0
tt2304771,0
tt2304915,0
tt2304997,2
tt2306745,0
tt2309021,0
tt2309048,3
tt2309260,5
tt2309762,2
tt2309764,5
tt2310332,0
tt2311428,2
tt2312890,2
tt2313774,3
tt2315152,0
tt2316868,1
tt2317337,2
tt2318527,0
tt2321163,0
tt2321249,0
tt2321549,1
tt2322441,3
tt2324012,2
tt2325719,2
tt2325977,4
tt2326554,0
tt2326574,2
tt2326612,2
tt2330866,0
tt2331880,3
tt2332579,0
tt2333784,0
tt2334649,2
tt2334873,2
tt2334879,2
tt2338151,5
tt2339379,0
tt2339505,0
tt2344678,2
tt2345112,2
tt2345561,2
tt2345737,0
tt2347497,5
tt2349144,3
tt2349460,2
tt2354407,5
tt2355495,3
tt2355540,2
tt2356180,5
tt2357129,2
tt2357291,2
tt2357377,3
tt2357926,3
tt2358891,0
tt2358925,3
tt2359006,0
tt2359137,2
tt2359381,0
tt2359427,2
tt2361509,3
tt2364841,3
tt2364949,5
tt2367996,0
tt2368635,2
tt2369135,5
tt2369154,5
tt2370248,0
tt2371411,0
tt2371834,5
tt2372222,2
tt2372678,0
tt2377194,2
tt2377322,0
tt2377398,5
tt2378281,2
tt2379713,0
tt2380247,3
tt2381111,2
tt2381249,3
tt2381335,2
tt2382298,2
tt2382420,2
tt2385006,0
tt2386327,2
tt2386502,0
tt2387433,0
tt2387559,0
tt2388637,2
tt2390237,2
tt2390361,2
tt2393813,2
tt2395427,2
tt2398231,0
tt2400275,2
tt2400336,0
tt2401007,0
tt2401878,2
tt2402101,5
tt2402157,2
tt2402163,0
tt2402927,3
tt2402985,3
tt2404027,2
tt2404425,0
tt2404461,3
tt2404463,0
tt2404555,3
tt2406422,2
tt2406676,2
tt2407826,2
tt2409818,2
tt2415458,5
tt2419284,5
tt2424988,2
tt2430104,1
tt2431286,4
tt2433040,2
tt2435458,0
tt2436386,0
tt2436516,3
tt2437548,3
tt2437954,5
tt2442502,3
tt2444946,4
tt2446600,1
tt2446980,2
tt2450186,0
tt2451742,0
tt2452042,5
tt2458776,2
tt2458876,0
tt2460506,3
tt2461034,2
tt2461226,3
tt2463288,2
tt2465146,2
tt2466830,3
tt2473510,2
tt2473602,0
tt2473682,0
tt2473794,5
tt2474976,0
tt2475154,2
tt2476154,0
tt2481246,5
tt2481480,3
tt2489734,0
tt2492002,5
tt2492916,3
tt2495118,0
tt2503944,5
tt2504022,4
tt2505856,0
tt2505938,3
tt2506388,2
tt2507128,0
tt2510028,2
tt2510434,3
tt2510894,3
tt2514028,2
tt2515034,5
tt2515086,2
tt2517044,5
tt2518370,3
tt2520398,3
tt2528814,0
tt2532528,3
tt2534514,5
tt2537176,2
tt2537390,2
tt2545088,3
tt2545118,3
tt2545338,2
tt2545428,2
tt2546294,0
tt2546300,0
tt2548738,2
tt2551396,0
tt2553908,3
tt2554274,5
tt2554648,0
tt2555268,2
tt2555736,5
tt2556342,2
tt2557490,0
tt2560102,2
tt2561572,3
tt2570224,5
tt2571226,2
tt2576450,5
tt2581244,0
tt2582496,3
tt2582802,0
tt2582846,3
tt2587914,2
tt2590506,2
tt2593392,3
tt2609758,1
tt2609912,2
tt2611026,0
tt2622130,0
tt2626350,0
tt2630916,2
tt2631186,3
tt2635622,2
tt2636522,4
tt2637276,3
tt2637294,3
tt2639344,2
tt2640474,2
tt2644800,3
tt2650054,3
tt2650642,2
tt2652092,5
tt2654562,0
tt2673854,2
tt2674040,3
tt2677816,2
tt2679042,1
tt2689966,1
tt2692250,2
tt2700330,2
tt2706264,5
tt2707858,1
tt2709606,2
tt2710368,0
tt2710614,0
tt2712154,3
tt2714380,0
tt2717558,1
tt2726560,3
tt2734552,5
tt2734660,5
tt2735292,0
tt2736254,3
tt2737050,3
tt2739338,2
tt2751390,2
tt2752688,0
tt2752724,3
tt2752758,2
tt2752772,5
tt2756032,2
tt2761118,2
tt2762334,5
tt2765340,3
tt2771372,2
tt2784678,2
tt2788512,2
tt2799166,0
tt2806788,9
tt2815720,3
tt2820820,0
tt2820852,0
tt2821088,3
tt2821880,0
tt2825924,2
tt2828840,0
tt2828996,0
tt2832470,3
tt2848292,0
tt2848824,2
tt2852400,2
tt2855042,0
tt2859246,3
tt2870612,0
tt2870648,0
tt2870708,5
tt2870756,3
tt2870808,2
tt2872462,0
tt2872570,5
tt2872718,2
tt2872732,0
tt2872750,2
tt2883512,4
tt2884170,2
tt2884206,2
tt2887322,2
tt2896952,3
tt2901548,2
tt2904688,2
tt2905084,5
tt2905838,2
tt2908856,5
tt2909116,3
tt2910274,5
tt2910520,2
tt2911666,0
tt2912776,2
tt2913948,3
tt2918436,3
tt2920540,0
tt2920808,2
tt2924352,3
tt2926810,0
tt2933292,2
tt2935476,5
tt2937898,2
tt2938956,5
tt2948266,2
tt2955096,5
tt2961890,2
tt2965412,5
tt2966934,4
tt2967006,2
tt2967224,3
tt2972482,3
tt2974104,2
tt2974918,5
tt2975578,2
tt2978462,2
tt2979920,2
tt2980516,0
tt2980554,3
tt2980648,4
tt2980706,2
tt2980728,3
tt2992146,0
tt2992152,2
tt2992538,0
tt2992552,0
tt2994190,3
tt2994832,3
tt3001638,2
tt3005242,3
tt3007302,2
tt3008014,2
tt3014666,5
tt3017412,4
tt3020666,2
tt3038734,0
tt3041534,2
tt3043630,5
tt3045616,3
tt3054798,0
tt3060492,3
tt3065132,5
tt3066630,4
tt3072636,2
tt3076658,2
tt3077214,5
tt3079380,2
tt3082826,5
tt3086582,2
tt3091552,2
tt3093520,3
tt3093546,2
tt3099498,2
tt3107070,0
tt3110272,2
tt3110770,5
tt3116072,2
tt3121332,2
tt3125324,5
tt3129564,2
tt3132632,0
tt3142232,1
tt3142688,3
tt3144098,2
tt3148502,5
tt3152624,5
tt3159708,7
tt3163908,2
tt3164256,0
tt3165612,0
tt3168230,0
tt3170832,2
tt3172532,5
tt3173910,3
tt3175038,0
tt3175798,0
tt3177316,2
tt3179568,2
tt3181822,0
tt3186318,2
tt3195644,2
tt3195742,2
tt3202374,2
tt3203890,5
tt3205376,3
tt3210388,0
tt3210686,0
tt3214002,0
tt3226754,2
tt3230082,2
tt3233418,2
tt3236120,5
tt3240784,3
tt3250032,2
tt3259324,5
tt3262990,2
tt3263520,0
tt3263690,0
tt3263996,2
tt3267194,2
tt3268030,2
tt3268458,2
tt3272570,0
tt3279124,2
tt3283556,2
tt3284178,5
tt3289712,1
tt3290882,0
tt3294904,2
tt3302594,1
tt3302962,5
tt3312830,2
tt3313776,2
tt3316948,4
tt3317522,2
tt3319508,5
tt3322940,5
tt3332064,0
tt3334212,0
tt3343784,1
tt3379694,1
tt3384180,0
tt3390572,1
tt3397884,3
tt3398048,0
tt3398066,2
tt3398876,2
tt3399740,2
tt3400342,4
tt3402110,2
tt3410666,2
tt3416744,2
tt3419894,2
tt3425456,0
tt3447364,2
tt3450116,0
tt3450650,2
tt3453052,0
tt3455850,2
tt3460252,3
tt3460726,0
tt3463312,2
tt3481000,0
tt3483712,5
tt3486542,2
tt3488184,2
tt3488710,3
tt3498042,0
tt3498950,0
tt3501026,0
tt3504226,3
tt3504604,3
tt3505950,5
tt3508840,2
tt3509804,3
tt3511542,2
tt3518012,0
tt3521442,2
tt3530002,1
tt3531604,0
tt3532608,3
tt3534282,5
tt3539966,2
tt3544082,0
tt3544326,0
tt3549508,2
tt3554418,3
tt3565344,5
tt3567200,0
tt3567288,2
tt3569230,1
tt3569326,1
tt3569356,2
tt3576084,5
tt3578504,0
tt3585004,0
tt3592176,5
tt3595298,5
tt3605418,2
tt3608848,3
tt3612616,3
tt3614530,3
tt3622592,0
tt3623726,1
tt3625220,0
tt3626442,5
tt3630276,0
tt3640682,2
tt3654964,0
tt3659388,2
tt3660770,0
tt3667798,5
tt3672742,0
tt3672840,2
tt3675486,2
tt3675748,5
tt3678782,0
tt3678938,5
tt3682448,2
tt3690900,2
tt3696086,3
tt3697566,0
tt3703148,5
tt3704050,5
tt3704416,5
tt3704538,2
tt3707106,3
tt3707114,5
tt3715320,2
tt3716142,3
tt3717016,2
tt3719896,3
tt3720794,0
tt3722070,1
tt3722118,3
tt3726626,3
tt3726704,2
tt3729920,5
tt3735246,5
tt3735398,2
tt3735554,3
tt3741860,5
tt3742284,3
tt3742378,5
tt3748512,2
tt3760966,5
tt3767372,2
tt3774466,2
tt3774694,4
tt3781762,2
tt3787590,2
tt3790720,3
tt3794204,2
tt3801934,3
tt3808342,0
tt3812366,0
tt3813310,0
tt3819668,5
tt3824412,5
tt3824458,0
tt3832914,2
tt3836958,3
tt3837248,2
tt3844362,2
tt3848938,2
tt3850214,2
tt3850590,2
tt3859076,0
tt3862750,2
tt3863552,5
tt3868452,2
tt3877296,2
tt3884528,2
tt3890264,2
tt3892618,0
tt3896100,3
tt3906606,2
tt3950078,3
tt3957716,0
tt3962210,0
tt3962848,3
tt3966404,5
tt3993894,2
tt4002772,0
tt4003774,2
tt4007558,5
tt4008348,2
tt4008652,2
tt4034452,3
tt4044364,0
tt4046784,5
tt4047350,2
tt4056738,1
tt4058650,0
tt4074958,0
tt4078160,5
tt4079142,2
tt4094590,0
tt4104022,3
tt4109204,0
tt4126304,0
tt4131188,2
tt4137324,2
tt4145178,2
tt4145304,2
tt4159182,5
tt4179482,2
tt4183692,3
tt4185572,2
tt4188202,2
tt4191054,2
tt4242158,5
tt4248930,2
tt4253360,3
tt4265396,2
tt4273886,3
tt4276752,0
tt4288636,0
tt4294052,2
tt4294084,2
tt4296800,3
tt4316236,5
tt4337072,2
tt4337690,5
tt4344782,2
tt4357170,0
tt4358230,5
tt4377864,2
tt4381862,0
tt4382618,2
tt4382872,1
tt4414694,2
tt4422656,1
tt4425064,2
tt4425148,0
tt4425258,3
tt4430136,7
tt4430992,3
tt4434016,2
tt4462082,2
tt4467262,3
tt4504040,2
tt4505170,3
tt4506722,2
tt4535650,3
tt4568106,3
tt4572856,5
tt4594834,5
tt4610372,2
tt4618398,2
tt4621016,3
tt4643580,5
tt4668808,1
tt4669204,5
tt4692234,0
tt4692242,0
tt4693418,5
tt4695462,3
tt4696222,2
tt4701702,2
tt4727756,0
tt4768764,0
tt4781992,0
tt4819544,2
tt4819560,2
tt4830104,3
tt4836406,3
tt4846028,5
tt4935446,0
tt4936064,5
tt4938602,5
tt4944352,3
tt5022418,0
tt5049302,3
tt5061814,4
tt5105784,0
tt5233460,0
tt5257730,1
tt5503970,0
